conversation_id_str,created_at,favorite_count,full_text,id_str,image_url,in_reply_to_screen_name,lang,location,quote_count,reply_count,retweet_count,tweet_url,user_id_str,username
2043837526318952937,Mon Apr 13 23:43:33 +0000 2026,2,Dugaan Pelecehan oleh 16 Mahasiswa FH UI: Dipecat dari IKM-Terancam Sanksi Kampus https://t.co/H0KbBfnTMS,2043837526318952937,,,in,,0,0,0,https://x.com/undefined/status/2043837526318952937,1668188086067683331,
2043835881895932284,Mon Apr 13 23:37:01 +0000 2026,4,Aduh benci banget sama orang orang yang anggep kasus pelecehan seksual oleh 16 mahasiswa fh ui ini cuma sebagai gossip teh seru banget entertainment . Ini kasus KEKERASAN SEKSUAL korbannya banyak tolong dipake empati dan nuraninya kepada korban dan kawal pelaku terus.,2043835881895932284,,,in,,0,0,1,https://x.com/undefined/status/2043835881895932284,1886703285664669698,
2043827645851603201,Mon Apr 13 23:04:17 +0000 2026,576,Sumpah gak habis fikri dengan kelakuan 16 mahasiswa FH UI. Bukannya belajar baik-baik untuk melindungi kaum tertindas malah ramai-ramai melakukan pelecehan verbal terhadap perempuan. Parahnya lagi mereka sadar kalau sampai chat nya bocor bakal tamat. Masih berstatus mahasiswa https://t.co/iskWIFoV5B,2043827645851603201,https://pbs.twimg.com/ext_tw_video_thumb/2043827593762439168/pu/img/wJp0VFFe-XG96zuG.jpg,,in,,20,110,202,https://x.com/undefined/status/2043827645851603201,1611654278862766080,
2043782534035837104,Mon Apr 13 20:05:02 +0000 2026,2,PADA GILA INI 16 MAHASISWA FH UICUMA MUTER JAWABANNYA PLENGER BANGETDAN TERPANTAU SETELAH SELESAI ACARA LANGSUNG PADA BUKA HP https://t.co/6uNmPx8PMI,2043782534035837104,https://pbs.twimg.com/media/HFz5XlMasAQvb33.jpg,,in,,0,0,0,https://x.com/undefined/status/2043782534035837104,1263208570495078400,
2043774707057734003,Mon Apr 13 19:33:56 +0000 2026,1,16 Mahasiswa FH UI pelaku KS di grup line. #pelecehanmahasiswi,2043774707057734003,,,in,,0,0,0,https://x.com/undefined/status/2043774707057734003,844488295857831937,
2043762897210441893,Mon Apr 13 18:47:00 +0000 2026,4,Calon penegak hukum tapi kok malah jadi terduga pelaku pelecehan? Lagi-lagi ruang aman di kampus dipertanyakan. Mirisnya kali ini melibatkan 16 mahasiswa FH UI yang seharusnya paling paham tentang keadilan. https://t.co/BMJrtxz8bC,2043762897210441893,https://pbs.twimg.com/media/HFznhhGasAEF-ej.jpg,,in,,0,1,0,https://x.com/undefined/status/2043762897210441893,1788177201466355712,
2043753964269883748,Mon Apr 13 18:16:39 +0000 2026,0,@Qiarfi intinya ada grup isinya 16 mahasiswa fh ui yg di dalam grup itu mereka melakukan KS secara verbal ke mahasiswi dan bahkan dosen kak cmiiw yaa,2043755257793261758,,Qiarfi,in,,0,3,0,https://x.com/undefined/status/2043755257793261758,1490976020890980354,
2043537019285197296,Mon Apr 13 13:06:45 +0000 2026,26,@sadampermana_w mereka baru minta maaf doang kawal terus sampe ada sanksi setimpal https://t.co/VJRoH0ZeQu,2043677270695657692,,sadampermana_w,in,,0,1,1,https://x.com/undefined/status/2043677270695657692,1800178104188764160,
2043668639447163102,Mon Apr 13 12:32:27 +0000 2026,6,16 Mahasiswa FH UI Lecehkan Mahasiswi di Grup Chat Ini Tanggapan Kampus ~RK Baca di sini: https://t.co/VkEiotJyWP,2043668639447163102,,,in,,0,2,2,https://x.com/undefined/status/2043668639447163102,23343960,
2043640301022278004,Mon Apr 13 11:37:10 +0000 2026,23,@thxorns minta maaf doang mereka minimal sanksi https://t.co/VJRoH0ZeQu,2043654725321826727,,thxorns,in,,0,0,3,https://x.com/undefined/status/2043654725321826727,1800178104188764160,
2043062344675397897,Mon Apr 13 11:35:09 +0000 2026,3,@bebekqaleo @sampahfhui masa cuma minta maaf doang ada sanksi lah https://t.co/VJRoH0ZeQu,2043654219430040062,,bebekqaleo,in,,0,0,1,https://x.com/undefined/status/2043654219430040062,1800178104188764160,
2043605153467785404,Mon Apr 13 08:20:11 +0000 2026,4,16 Mahasiswa FH UI Diduga Lakukan Kekerasan Seksual ke Mahasiswi ~TR Klik untuk baca: https://t.co/F2QAUs8wCI,2043605153467785404,,,in,,0,1,4,https://x.com/undefined/status/2043605153467785404,23343960,
2044189279480627224,Tue Apr 14 23:01:18 +0000 2026,0,Kasus dugaan pelecehan seksual yang melibatkan mahasiswa Universitas Indonesia menjadi sorotan publik berikut fakta terkait awal mula terbongkarnya peristiwa tersebut terungkap. Baca Selengkapnya: https://t.co/8qaro3HXap https://t.co/AobcgO1LZI,2044189279480627224,https://pbs.twimg.com/media/HF5qUScaoAAjtWY.jpg,,in,,0,0,0,https://x.com/undefined/status/2044189279480627224,103551225,
2044184727658344858,Tue Apr 14 22:43:12 +0000 2026,1,16 Mahasiswa FH UI Terancam Sanksi DO ‼️ https://t.co/bszluMGCFX,2044184727658344858,https://pbs.twimg.com/ext_tw_video_thumb/2044184580396314624/pu/img/lBJw0L96-qHIT5Mv.jpg,,in,,0,0,0,https://x.com/undefined/status/2044184727658344858,1378911463436288000,
2044183719037284629,Tue Apr 14 22:39:12 +0000 2026,0,HEBOH Kasus Pelecehan Seksual di UI diduga pelaku 16 Mahasiswa FH UI bikin grup chat mesum pelecehan mahasiswi isi chatnya NGERI Pelaku terancam di DO https://t.co/5VQ6GwPQK0,2044183719037284629,,,in,,0,0,0,https://x.com/undefined/status/2044183719037284629,3277399364,
2044179040605741190,Tue Apr 14 22:20:36 +0000 2026,3,Makin seru aja ngikutin perkembangan kasus 16 mahasiswa FH UI yg ke ss chat grup mesumnya yg jelas2 melecehkan perempuan. Bahkan yg ngelive sidangnya ternyata pelaku juga. Beda sirkel aja. Gak heran si. Makanya klo ada yg bongkar2 jgn langsung dianggap hero. Bisa plot twist ,2044179040605741190,,,in,,0,1,0,https://x.com/undefined/status/2044179040605741190,1675796975827161089,
2044060002512712181,Tue Apr 14 22:07:30 +0000 2026,2,@Pyroncalanyala Yang rame itu kasus 16 mahasiswa FH UI diduga pelecehan seksual lewat grup chat (verbal &amp; objectification). Kemarin sidang terbuka live-nya sama Dikidoy (mahasiswa FH juga). Awalnya cuma 2 yang muncul 14 lainnya telat bikin orang pada heboh &amp; mulai nyorotin anak fh yang gak fh,2044175740363751915,,Pyroncalanyala,in,,0,0,0,https://x.com/undefined/status/2044175740363751915,1396324148,
2044173091245568332,Tue Apr 14 21:56:58 +0000 2026,0,Kronologi Kasus Dugaan Pelecehan Seksual oleh 16 Mahasiswa FH UI Lewat Grup Chat Terungkap https://t.co/Jzxtdy3wJv lewat @tribunnews #fhui #fh #pelaku #universitasindonesia #mahasiswa #viral,2044173091245568332,,,in,,0,0,0,https://x.com/undefined/status/2044173091245568332,483408930,
2044170163994386813,Tue Apr 14 21:45:20 +0000 2026,41,16 mahasiswa FH UI diduga menjadikan grup chat sebagai arena pelecehan seksual dan objektifikasi perempuan. Fatimah Azzahra Wakil Ketua BEM UI menegaskan: Ini sebuah ironi besar. Kasus kekerasan seksual separah ini dilakukan oleh orang-orang yang seharusnya paling sadar https://t.co/5iRsca01LU,2044170163994386813,https://pbs.twimg.com/ext_tw_video_thumb/2044169993848532993/pu/img/B8rG9eDz2hHLx5Wx.jpg,,in,,3,10,23,https://x.com/undefined/status/2044170163994386813,3827798354,
2044155581720899722,Tue Apr 14 20:47:23 +0000 2026,0,Kronologi dan Nama 16 Mahasiswa FH UI Pelaku Pelecehan Seksual https://t.co/PtatuK4eDU,2044155581720899722,,,in,,0,0,0,https://x.com/undefined/status/2044155581720899722,2412572689,
2044123186711933259,Tue Apr 14 18:38:40 +0000 2026,1,Sebanyak 16 mahasiswa FH UI angkatan 2023 disinyalir menjadi pelaku kekerasan seksual (KS) melalui grup chat. Yakin cuma di FH UI? Ada lagi nggak? - DG https://t.co/saYYu9yl7t,2044123186711933259,https://pbs.twimg.com/media/HF4vJBka0AAYJ1t.jpg,,in,,0,2,2,https://x.com/undefined/status/2044123186711933259,2340155395,
2044104967548796976,Tue Apr 14 17:30:37 +0000 2026,0,KALAU MENURUT AI Hukuman yang **setimpal** untuk 16 mahasiswa FH UI ini harus mempertimbangkan dua lapis: **sanksi internal kampus** dan **proses pidana** (jika korban melapor ke polisi). ### 1. Sanksi Internal Kampus (yang sedang berjalan sekarang) UI melalui **Satgas PPKS**,2044106060932493812,,freedomlivox,in,,0,0,0,https://x.com/undefined/status/2044106060932493812,2042924520756166656,
2044097345315582240,Tue Apr 14 16:55:59 +0000 2026,0,Kronologi dan Nama 16 Mahasiswa FH UI Pelaku Pelecehan Seksual https://t.co/aime2WTyQu via @metrotvnews,2044097345315582240,,,in,,0,0,0,https://x.com/undefined/status/2044097345315582240,830819626548236288,
2044090270313254951,Tue Apr 14 16:27:52 +0000 2026,0,Daftar 16 Mahasiswa FH UI Terduga Pelecehan Sempat Klaim Punya Bekingan Kuat Terungkap ke Publik!! https://t.co/FKaqzymrcR https://t.co/EAWzDGjF3Q,2044090270313254951,https://pbs.twimg.com/media/HF4RRJ3asAE2Ocy.jpg,,in,,0,0,0,https://x.com/undefined/status/2044090270313254951,1272667636170514433,
2044087568183243086,Tue Apr 14 16:17:08 +0000 2026,0,16 Mahasiswa FH UI pelaku kekerasan seksual mulai siapkan bekingan dari ordal kampus hingga buzzer untuk selamatkan diri dari DO https://t.co/hZpFJjktCO,2044087568183243086,,,in,,0,0,0,https://x.com/undefined/status/2044087568183243086,325396331,
2044087112195289230,Tue Apr 14 16:15:19 +0000 2026,1,Ini berita tendensius/ fitnah. Jauh dari fakta. Tidak ada pelecehan seksual Yg ada pelanggaran privasi oleh penyebar percakapan pribadi/privat.. Berita ini melanggar hukum Kronologi dan Nama 16 Mahasiswa FH UI Pelaku Pelecehan Seksual https://t.co/Pc1ToblgLI via @metrotvnews,2044087112195289230,,,in,,0,0,5,https://x.com/undefined/status/2044087112195289230,736441309,
2044078700040491295,Tue Apr 14 15:51:15 +0000 2026,5,Konteks lebih lengkap. https://t.co/tOQGR7R2sL,2044081053875462271,,airdropteros,in,,0,0,2,https://x.com/undefined/status/2044081053875462271,1411436170374832129,
2044073956437831747,Tue Apr 14 15:23:02 +0000 2026,0,Lihat berita 16 mahasiswa FH UI terlibat KS saya benar-benar khawatir. Kami orang tua berjuang bayar sekolah kuliah mahal supaya anak punya masa depan cerah. Tapi sekarang malah takut kampus jadi tempat yang berbahaya. Besok sidang etik semoga pihak kampus ambil tindakan https://t.co/BG45Jx6dsQ,2044073956437831747,https://pbs.twimg.com/media/HF4Ca8paQAAD48n.jpg,,in,,0,0,0,https://x.com/undefined/status/2044073956437831747,2037947686385487872,
2044062466175586780,Tue Apr 14 14:37:23 +0000 2026,0,Haii aku disini cuma pengen kasih tau opini aku tentang masalah yang terjadi sekarang ini yaitu 16 mahasiswa FH UI yang melakukan KS.,2044062466175586780,,,in,,0,1,0,https://x.com/undefined/status/2044062466175586780,1975797162614398977,
2044049149671420200,Tue Apr 14 13:44:28 +0000 2026,18,16 Mahasiswa FH UI Terduga Pelaku Pelecehan Seksual Ditampilkan Disiarkan Live di Medsos https://t.co/Hxovqs5plF,2044049149671420200,,,in,,0,0,17,https://x.com/undefined/status/2044049149671420200,887743587579944960,
2044037009531122171,Tue Apr 14 12:56:14 +0000 2026,2,Kasus pelecehan 16 mahasiswa FH UI terungkap dari grup angkatan diawali pelaku minta maaf. Chat seksual viral dan ditelusuri BEM. Baca selengkapnya: https://t.co/gItD9s0l5t ~RK #pelecehan #FHUI #viral https://t.co/u4KL10c3Zc,2044037009531122171,https://pbs.twimg.com/media/HF3goiqasAEndvY.jpg,,in,,0,1,0,https://x.com/undefined/status/2044037009531122171,23343960,
2044313568334811147,Thu Apr 16 23:38:53 +0000 2026,1,@detikjabar_ 16 mahasiswa FH UI harus menghadapi publik setelah terlibat dalam kasus mengungkapkan verbal terhadap perempuan dalam grup percakapan. #PendidikanEtika #PelecehanVerbal #FHPertanggungjawaban #SolidaritasMahasiswa @detikjabar_ https://t.co/YuQ0XfSUBK,2044923514071978358,,detikjabar_,in,,0,0,0,https://x.com/undefined/status/2044923514071978358,1774017279648501760,
2044802271683490302,Thu Apr 16 15:37:06 +0000 2026,20,‼️ UPDATE KASUS KEKERASAN SEKSUAL OLEH 16 MAHASISWA FH UI Untuk sementara 16 mahasiswa FH UI yang melakukan KS di sebuah grup WA DISKORS dari tanggal 15 April sampai 30 Mei 2026. Perlu diperhatikan kalau UI juga menegaskan ini bukan keputusan akhir dan masih dalam proses https://t.co/FXtWnJkAOX,2044802271683490302,https://pbs.twimg.com/media/HGCY0twasAAjIdN.jpg,,in,,0,1,2,https://x.com/undefined/status/2044802271683490302,1419613040723431426,
2044771363475624344,Thu Apr 16 13:34:17 +0000 2026,0,Anggota Komisi VIII DPR RI Selly Andriany Gantina meminta Universitas Indonesia memprioritaskan perlindungan korban dalam kasus dugaan pel3cehan s3ksual daring yang melibatkan 16 mahasiswa FH UI terhadap 27 korban. #fyp #dprri #fhui #korban #trendingvideo https://t.co/d8cH3YBWH6,2044771363475624344,https://pbs.twimg.com/amplify_video_thumb/2044771232458190849/img/KjBpZT4PznYurPB3.jpg,,in,,0,0,0,https://x.com/undefined/status/2044771363475624344,1659087606980968452,
2044768592340918324,Thu Apr 16 13:23:17 +0000 2026,0,Anggota Komisi VIII DPR RI Selly Andriany Gantina meminta Universitas Indonesia memprioritaskan perlindungan korban dalam kasus dugaan pelecehan seksual daring oleh 16 mahasiswa FH UI terhadap 27 korban. #fyp #trendingvideo #dprri #sellyandrianygantina #fhui https://t.co/k44yuQNmUE,2044768592340918324,https://pbs.twimg.com/amplify_video_thumb/2044768532098150400/img/t-udR7F7cOLZ_gR0.jpg,,in,,0,0,0,https://x.com/undefined/status/2044768592340918324,2042077768876261376,
2044745876250517971,Thu Apr 16 11:53:01 +0000 2026,1,16 mahasiswa FH UI terlibat kekerasan seksual cuma diskors sampai Mei 2026? Ini bukan sanksi ini libur panjang. Korban harus kuliah tiap hari dengan trauma sementara pelaku masih bisa lanjut karir hukumnya? Kemana etika hukumnya?,2044745876250517971,,,in,,0,0,0,https://x.com/undefined/status/2044745876250517971,1484121227916906498,
2044732596232581593,Thu Apr 16 11:00:14 +0000 2026,0,16 Mahasiswa FH UI Dinonaktifkan Sementara &amp; Dilarang Injak Kaki di Kampus usai Kasus Pelecehan Seksual https://t.co/8DYkh8NSiy,2044732596232581593,,,in,,0,0,0,https://x.com/undefined/status/2044732596232581593,1892110442090332162,
2044721965454557687,Thu Apr 16 10:18:00 +0000 2026,2,Geger di UI: 16 mahasiswa FH di-nonaktifkan sementara buntut dugaan kasus pelecehan seksual. Mereka nggak boleh kuliah nggak boleh ke kampus nama juga hilang dari PDDIKTI tapi masa studi tetap jalan. Kok nggak di DO? Baca selengkapnya: https://t.co/ORXPBaEqW5 #FHUI https://t.co/0xEHI4jI5J,2044721965454557687,https://pbs.twimg.com/media/HGBGdxpbQAA5NAD.jpg,,in,,0,0,0,https://x.com/undefined/status/2044721965454557687,2340155395,
2044694113887601009,Thu Apr 16 08:27:19 +0000 2026,1,16 Mahasiswa FH UI Dinonaktifkan Sementara Terkait Dugaan Pelecehan Seksual Ini Penjelasan Kampus https://t.co/0e2nxZGQHh lewat @tribunnews,2044694113887601009,,,in,,0,0,0,https://x.com/undefined/status/2044694113887601009,1239919987227127808,
2044685286253437357,Thu Apr 16 07:52:15 +0000 2026,0, Lakn*t 16 Mahasiswa Bejat UI Viral: 16 mahasiswa FH UI diadili sidang internal tengah malam (13 14/4). Diduga lakukan pelecehan seksual verbal &amp; digital ke mahasiswi hingga dosen. Spill WA beredar praktik serupa disebut berulang &amp; dinormalisasi. Sebuah utas https://t.co/H7newbJPCa,2044685286253437357,https://pbs.twimg.com/media/HGAuXunbEAATnk_.jpg,,in,,0,2,0,https://x.com/undefined/status/2044685286253437357,798770586784702464,
2044679686903697772,Thu Apr 16 07:30:00 +0000 2026,0,Kasus yang menyeret 16 mahasiswa FH UI lagi ramai banget dibahas apalagi setelah terungkap isi chat yang dinilai melecehkan perempuan mulai dari mahasiswi sampai dosen. Tapi tahukah kamu kalau bentuk kekerasan seksual itu luas banget? Geser untuk tahu bentuk kekerasan lainnya. https://t.co/P5x9iUqSEm,2044679686903697772,https://pbs.twimg.com/media/HF_56RvbYAA9uDn.jpg,,in,,0,0,1,https://x.com/undefined/status/2044679686903697772,1382213818370039808,
2044678341865972211,Thu Apr 16 07:24:39 +0000 2026,1,Anggota Komisi VIII DPR RI Selly Andriany Gantina meminta Universitas Indonesia (UI) untuk memprioritaskan perlindungan korban dalam kasus pelecehan seksual daring yang melibatkan 16 mahasiswa FH UI dengan 27 korban. #folkjogja #infojogja https://t.co/5U7DmFiRN2,2044678341865972211,https://pbs.twimg.com/amplify_video_thumb/2044678325277532160/img/IS3eo0sXcdcQUbMs.jpg,,in,,0,0,1,https://x.com/undefined/status/2044678341865972211,1271494478742896642,
2044660598370451484,Thu Apr 16 06:14:09 +0000 2026,0,UI Nonaktifkan Status Akademik 16 Mahasiswa FH UI Terkait Kasus Dugaan Pelecehan Seksual https://t.co/cfcvNqtYx0 #PelecehanSeksual #ChatMesum #FHUI #Viral #UI #UniversitasIndonesia #Mahasiswa #FakultasHukum,2044660598370451484,,,in,,0,0,0,https://x.com/undefined/status/2044660598370451484,1870660297968758784,
2044636447454728452,Thu Apr 16 04:38:11 +0000 2026,0,Semoga kasus dugaan KS oleh 16 mahasiswa FH UI bisa ada kepastian hukum baik bagi terduga pelaku maupun bagi para korban sehingga spekulasi asumsi dan sebagainya tidak makin liar. https://t.co/SxZuGlWIs5,2044636447454728452,,,in,,0,0,0,https://x.com/undefined/status/2044636447454728452,1966086666575364098,
2044626843828101400,Thu Apr 16 04:00:01 +0000 2026,0,Universitas Indonesia mengambil langkah tegas dengan menonaktifkan sementara 16 mahasiswa Fakultas Hukum yang terlapor dalam kasus dugaan kekerasan verbal. https://t.co/agVUeo4HFW,2044626843828101400,,,in,,0,0,0,https://x.com/undefined/status/2044626843828101400,68930552,
2044616487248531685,Thu Apr 16 03:18:52 +0000 2026,1,16 Mahasiswa FH UI Terduga Pelaku Pelecehan Seksual Tak Boleh Ikut Kuliah hingga Akhir Mei https://t.co/0CKuwXDlnE,2044616487248531685,,,in,,0,1,0,https://x.com/undefined/status/2044616487248531685,132078023,
2044605826875482252,Thu Apr 16 02:36:30 +0000 2026,0,Kasus dugaan p3l3cehan di kampus kembali jadi sorotan. Setelah kasus 16 mahasiswa FH UI di grup chat kini muncul video mahasiswa ITB yang viral dan menuai kritik. Video itu menampilkan Orkes Semi Dangdut (OSD) HMT ITB membawakan lagu Erika . https://t.co/uHjvf2HOHD,2044605826875482252,https://pbs.twimg.com/amplify_video_thumb/2044605723724992512/img/InmBFZoFqxpuBQvC.jpg,,in,,0,0,0,https://x.com/undefined/status/2044605826875482252,2005665660685451264,
2043318050842394692,Sun Apr 12 13:19:31 +0000 2026,0,(7) Recht Football Club FH UI 2026 Recht Taekwondo FH UI 2026 Law s Art Performers FH UI 2026 dan Law Table Tennis Club FH UI 2026 Narahubung: Dimas (88imski/081213342414) #BEMFHUI2026 BEM FH UI 2026 Harmoni Memberi Arti,2043318096719745150,,BEM_FHUI,in,,0,0,0,https://x.com/undefined/status/2043318096719745150,416314022,
2043318050842394692,Sun Apr 12 13:19:29 +0000 2026,0,(5) bersama mengenai pencegahan dan penanganan kekerasan seksual di lingkup FH UI. BEM FH UI BSO FH UI dan BK FH UI: Badan Eksekutif Mahasiswa FH UI 2026 Business Law Society FH UI 2026 Derecho Badminton Club FH UI 2026 Indonesia Law Debate Society FH UI 2026 ,2043318088461132266,,BEM_FHUI,in,,0,1,0,https://x.com/undefined/status/2043318088461132266,416314022,
2043318050842394692,Sun Apr 12 13:19:20 +0000 2026,56,[PERNYATAAN SIKAP BEM FH UI BSO FH UI DAN BK FH UI] Halo FH UI UI dan Indonesia! https://t.co/lTrpNXG3vh,2043318050842394692,https://pbs.twimg.com/media/HFtS733aIAA1d0t.jpg,,in,,1,4,8,https://x.com/undefined/status/2043318050842394692,416314022,
2043176464900866463,Sun Apr 12 03:56:44 +0000 2026,0,gue pernah ke fhui buat edukasi mrk soal KS waktu petinggi BEM FH UI viral krn bikin gerakaan gak pantes waktu parade ui. ketemu ama anak2 bem nya dan yg ngurus parade dr fh (w lupa namanya) sama bbrp dosen. tanggepan mrk ya jelek gt masih ada aja yang nyalahin pakaian wkwk,2043176464900866463,,,in,,0,1,0,https://x.com/undefined/status/2043176464900866463,1552829304366833664,
2043763950282805674,Mon Apr 13 18:51:11 +0000 2026,1,Fuck off all about this shit Tapi mikir random sekret BEM FH UI itu pasti capek ngeluarin banyak surat dalam satu waktu️ ((baca-baca thread laen mahasiswa FH UI (entah semua atau FH doang) juga kayaknya lagi masa UTS ya?)),2043763950282805674,,,in,,0,0,0,https://x.com/undefined/status/2043763950282805674,1546903939160764417,
2043762897210441893,Mon Apr 13 18:47:04 +0000 2026,0,BEM FH UI bersikap tegas kecewa terhadap kasus ini dan tidak akan mentolerir tindakan yang tidak berpihak pada korban. Saat ini mereka sangat berhati-hati dalam menyampaikan kronologi demi melindungi identitas dan keamanan korban.,2043762915245998538,,sukamengetik,in,,0,1,0,https://x.com/undefined/status/2043762915245998538,1788177201466355712,
2043762897210441893,Mon Apr 13 18:47:02 +0000 2026,0,Kasus dugaan kekerasan seksual yang melibatkan 16 mahasiswa Fakultas Hukum Universitas Indonesia (FH UI) sedang menjadi sorotan. Kasus ini dikonfirmasi oleh Ketua BEM FH UI Anandaku Dimas Rumi Chattaristo pada Senin 13 April 2026.,2043762903493517799,,sukamengetik,in,,0,1,0,https://x.com/undefined/status/2043762903493517799,1788177201466355712,
2043756701569208527,Mon Apr 13 18:22:23 +0000 2026,5,dikidoy the next ketua bem fh ui pls,2043756701569208527,,,in,,0,0,0,https://x.com/undefined/status/2043756701569208527,1584562417,
2043705652418371681,Mon Apr 13 17:36:37 +0000 2026,3,@sadampermana_w 1. dimas (ketua BEM FH UI) 2. alvi 3. kei ralat ternyata mereka yang naik ya tidak jadi 2 lainnya,2043745185218359783,,demennethink,in,,0,1,0,https://x.com/undefined/status/2043745185218359783,1667206975179071488,
2043693546490978497,Mon Apr 13 14:28:26 +0000 2026,3270,Jd akun jakbal ini punya 7 followers. Bbrp diantaranya adl akun dump dr masing2 divisi organisasi tsb bahkan ada yg ngefollback akun jakbal juga. Ini mengindikasikan kl jakbal adalah emg salah satu anak organisasi yg sama ditambah pernah komen kayak gini di ig bem fh ui (pic 3) https://t.co/gmkktGl1Gc,2043697827113754817,https://pbs.twimg.com/media/HFysVuLawAAJ28p.jpg,brewedkidney,in,,30,6,84,https://x.com/undefined/status/2043697827113754817,1409888480,
2044045642335695161,Tue Apr 14 13:30:41 +0000 2026,0,Sumber: pernyataan resmi FH UI BEM FH UI &amp; pemberitaan media kredibel (Tempo Kompas detik dll). Kamu boleh repost atau quote tweet ini kalau mau. Stay safe &amp; bijak ya dalam diskusi. Kasus ini penting dibahas tapi jangan jadi bahan bully personal yang berlebihan. CMIIW,2044045682647150715,,aglioliow,in,,0,0,0,https://x.com/undefined/status/2044045682647150715,1169284723354423296,
2044045642335695161,Tue Apr 14 13:30:37 +0000 2026,0, 13 April 2026 malam s/d 14 April dini hari BEM FH UI gelar forum sidang terbuka di Auditorium FH UI (Depok). Ratusan mahasiswa hadir untuk menuntut pelaku dihadirkan &amp; di-DO (drop out). Sidang sempat live di TikTok.--,2044045663688855951,,aglioliow,in,,0,1,0,https://x.com/undefined/status/2044045663688855951,1169284723354423296,
2044040220598034620,Tue Apr 14 13:09:02 +0000 2026,0,BEM FH UI BSO FH UI dan BK FH UI melalui akun Instagram (@bem.fhui) turut menyatakan sikap terhadap kekerasan seksual yang terjadi dengan berkomitmen mengedepankan perspektif korban dan menerapkan sanksi sosial terhadap pelaku.,2044040232216182856,,gemagazinepnj_,in,,0,1,0,https://x.com/undefined/status/2044040232216182856,1322915352871727106,
2044031807977582671,Tue Apr 14 12:35:42 +0000 2026,0,Ketua BEM FH UI Anandaku Dimas Rumi Chattaristo mengatakan para pelaku sengaja dikumpulkan di sebuah forum untuk mewadahi korban yang ingin mendapatkan permohonan maaf langsung. Sumber: CNN Indonesia,2044031843465605501,,dosenmahasiswa1,in,,0,0,0,https://x.com/undefined/status/2044031843465605501,1975180723180228608,
2044023987152572456,Tue Apr 14 12:04:32 +0000 2026,2,Sidang terbuka ini adalah permintaan korban untuk menuntut maaf yang telah disetujui pihak fakultas. Awalnya cuma 2 pelaku yang datang sementara 14 lainnya sempat ditahan oleh orang tua masing-masing. Ketua BEM FH UI Dimas Rumi mengaku harus berdialog dan negosiasi dulu https://t.co/6UZHvZwq15,2044024000893079599,https://pbs.twimg.com/media/HF3U_b0asAUbs4E.jpg,officialfgmedia,in,,0,1,1,https://x.com/undefined/status/2044024000893079599,1808408529734361091,
2044023885314826523,Tue Apr 14 12:04:05 +0000 2026,0,Profil Anandaku Dimas Rumi Chattaristo Ketua BEM FH UI 2026 @joswito https://t.co/D7mnsJCdQW #FHUI #BEMFHUI #PelecehanSeks,2044023885314826523,,,in,,0,0,0,https://x.com/undefined/status/2044023885314826523,216268968,
2043987954612482428,Tue Apr 14 09:41:18 +0000 2026,94,Ketua Badan Eksekutif Mahasiswa (BEM) FH UI Anandaku Dimas Rumi Chattaristo mengatakan semula pelaku yang bersedia masuk ruangan hanya dua dari 16 orang pelaku. Hal ini disebabkan orangtua pelaku yang menahan 14 (orang) lainnya ujar Dimas. Baca selengkapnya: https://t.co/WEDZMPxVhL,2043987954612482428,https://pbs.twimg.com/media/HF20MPOasAAvk40.jpg,,in,,0,6,35,https://x.com/undefined/status/2043987954612482428,23343960,
2043962702045860150,Tue Apr 14 08:00:57 +0000 2026,0,Respon BEM FH UI Terkait Skandal Pelecehan: Desak Rektorat Keluarkan 16 Mahasiswa Terlibat https://t.co/mcOLxXhI2S,2043962702045860150,,,in,,0,0,0,https://x.com/undefined/status/2043962702045860150,89877164,
2043955621045932279,Tue Apr 14 07:32:49 +0000 2026,1,Kasus dugaan pelecehan seksual di grup WhatsApp mahasiswa UI sedang diusut. Dekanat dan BEM FH UI menggelar forum untuk meminta maaf dari pelaku. https://t.co/UpTKpJlIf8,2043955621045932279,,,in,,0,0,0,https://x.com/undefined/status/2043955621045932279,48890883,
2043912446080069924,Tue Apr 14 04:41:15 +0000 2026,1,BEM FH UI Tuntut DO 16 Mahasiswa Terduga Pelaku Pelecehan Seksual di Grup Chat https://t.co/CyfHSATBR7,2043912446080069924,,,in,,0,0,1,https://x.com/undefined/status/2043912446080069924,47274731,
2043901374560383104,Tue Apr 14 03:57:18 +0000 2026,0,4/ Dekan menyatakan fakultas sedang melakukan penelusuran dan verifikasi menyeluruh bersama Satgas PPKS UI. BEM FH UI dan organisasi internal lainnya juga mengeluarkan pernyataan mengutuk dan mendukung proses hukum kampus.,2043901383213240559,,deliknewsX,in,,0,1,0,https://x.com/undefined/status/2043901383213240559,1928663121142624256,
2043897397659742700,Tue Apr 14 03:41:29 +0000 2026,0,3/ BEM FH UI langsung cabut keanggotaan organisasi pelaku. Dekan FH UI Parulian Paidi Aritonang nyatakan fakultas terima laporan 12 April &amp; lakukan investigasi menyeluruh. Bisa pidana + pelanggaran kode etik kampus.,2043897403338821932,,deliknewsX,in,,0,1,0,https://x.com/undefined/status/2043897403338821932,1928663121142624256,
2043892928721105289,Tue Apr 14 03:23:42 +0000 2026,7,BEM FH UI Desak 16 Mahasiswa Terduga Pelecehan Seksual Dikeluarkan dari Kampus https://t.co/cNNYjJd4dr,2043892928721105289,,,in,,0,0,2,https://x.com/undefined/status/2043892928721105289,132078023,
2043890204004831659,Tue Apr 14 03:12:52 +0000 2026,1,Di tengah kekecewaan langkah BEM FH UI patut diapresiasi. Alih-alih melakukan cover-up demi nama baik kampus mereka secara transparan membenarkan kasus ini dan langsung memberhentikan ke-16 pelaku yang sudah mengakui perbuatannya dari seluruh keanggotaan organisasi serta,2043890204004831659,,,in,,0,0,0,https://x.com/undefined/status/2043890204004831659,62209120,
2043887232193573008,Tue Apr 14 03:01:10 +0000 2026,1,Daftar PELAKU : Berdasarkan keterangan resmi dr Ketua BEM FH UI ada 16 mahasiswa terlibat. Namun perlu dicatat: Meskipun inisial &amp; nama beberapa pelaku telah beredar luas di media sosial X secara formal pihak kampus &amp; BEM tdk atau belum merilis daftar nama lengkap ke publik.,2043887259745955882,,masking_vet,in,,0,1,0,https://x.com/undefined/status/2043887259745955882,256513638,
2043887232193573008,Tue Apr 14 03:01:08 +0000 2026,2,Penindakan Organisasi: Pada hari yg sama BEM FH UI &amp; berbagai organisasi kemahasiswaan mengambil langkah tegas. Seluruh PELAKU yg terlibat langsung diberhentikan (dipecat) dari kepengurusan organisasi maupun kepanitiaan di lingkungan FH UI.,2043887251483177079,,masking_vet,in,,0,1,0,https://x.com/undefined/status/2043887251483177079,256513638,
2043887232193573008,Tue Apr 14 03:01:07 +0000 2026,2,Senin 13 April 2026 (Siang): Ketua BEM FH UI Anandaku Dimas Rumi Chattaristo mengonfirmasi kejadian tersebut. Ia menegaskan bahwa ke-16 mahasiswa tersebut bukan lagi terduga melainkan PELAKU karena mereka telah mengakui perbuatannya melalui pesan permohonan maaf sebelumnya.,2043887246953328893,,masking_vet,in,,0,1,0,https://x.com/undefined/status/2043887246953328893,256513638,
2044370244693880977,Wed Apr 15 11:00:23 +0000 2026,0,Kasus dugaan pelecehan seksual verbal di FH UI tengah diusut oleh Satgas PPK dengan fokus pada perlindungan korban. Di sisi lain BEM FH UI dan Aliansi BEM UI mendesak langkah tegas mulai dari sanksi pelaku hingga sidang etik transparan. #UI #KekerasanSeksual #FHUI https://t.co/KYrPG4A2p2,2044370244693880977,https://pbs.twimg.com/media/HF8P4AIbsAAnZjZ.jpg,,in,,0,0,0,https://x.com/undefined/status/2044370244693880977,1431093872835235843,
2044352345929359380,Wed Apr 15 09:49:16 +0000 2026,8,Respon cepat terbuka dan tegas. Langkah BEM FH UI dan IKM FH UI dalam menyikapi dugaan kasus kekerasan seksual patut diapresiasi. Forum terbuka seperti RDPU di Aula FH UI jadi ruang berani bagi mahasiswa dan mahasiswi untuk menyuarakan pertanyaan langsung kepada para terduga https://t.co/2mpxDV2M3T,2044352345929359380,https://pbs.twimg.com/amplify_video_thumb/2044352162130771969/img/SrM2FtDNXwEWfEtV.jpg,,in,,1,1,2,https://x.com/undefined/status/2044352345929359380,70412517,
2044350456949063853,Wed Apr 15 09:41:45 +0000 2026,0,Waktunya #InfoTerkini di #SantaiSore sob: - Hujan Deras Terjang Sleman Talud Ambrol dan Sungai Meluap - Disambut Gibran Prabowo Tiba di RI usai Kunker ke Rusia &amp; Prancis - Ketua BEM FH UI Sebut Pelaku Pelecehan Seksual Disanksi Tegas Streaming : https://t.co/aRqCHAt3Y7,2044350456949063853,,,in,,0,0,1,https://x.com/undefined/status/2044350456949063853,251865062,
2044344713365651750,Wed Apr 15 09:18:56 +0000 2026,0,BEM FH UI Kecam Persekusi-Intimidasi Korban Kekerasan Seksual Minta Ikut Jaga Privasi https://t.co/4JCZUzlBc4,2044344713365651750,,,in,,0,0,0,https://x.com/undefined/status/2044344713365651750,1668188086067683331,
2044318021322453068,Wed Apr 15 07:32:52 +0000 2026,0,Komisi III DPR Apresiasi Respons Cepat BEM FH UI Terkait Kasus Kekerasan Seksual https://t.co/pWNwPn7P8y,2044318021322453068,,,in,,0,0,0,https://x.com/undefined/status/2044318021322453068,1012174601055449088,
2044283631640998309,Wed Apr 15 05:16:17 +0000 2026,2,Kami mengharapkan dukungan seluruh pihak untuk dapat terus mengawal kasus ini dengan tetap mengutamakan perspektif korban dan penciptaan ruang aman. BEM FH UI 2026 Harmoni Memberi Arti,2044283647847739771,,BEM_FHUI,in,,0,0,0,https://x.com/undefined/status/2044283647847739771,416314022,
2044283631640998309,Wed Apr 15 05:16:15 +0000 2026,3,BEM FH UI 2026 mengecam keras segala bentuk persekusi maupun intimidasi terhadap korban. Kami mengimbau kepada seluruh pihak untuk terus menerapkan perspektif korban dan menciptakan ruang aman bagi seluruh pihak.,2044283640717422852,,BEM_FHUI,in,,0,1,0,https://x.com/undefined/status/2044283640717422852,416314022,
2044267477002260561,Wed Apr 15 04:12:01 +0000 2026,2,FYI Kasus pelecehan banyak sekali bentuknya dan korban banyak yang tidak berani speak-up karena diancam akan disebarkan (revenge porn) dan masih banyak lagi seperti pada rape culture pyramid Postingan BEM FH UI Mari kawal jangan hanya skorsing 1 atau DO beri efek jera https://t.co/1IhPPi7wtU,2044267477002260561,https://pbs.twimg.com/media/HF6ybvBasAQGfII.jpg,,in,,0,0,0,https://x.com/undefined/status/2044267477002260561,1099684551704510464,
2044260434312868269,Wed Apr 15 03:44:02 +0000 2026,0,Kasus dugaan pelecehan seksual yang melibatkan mahasiswa Fakultas Hukum Universitas Indonesia (FH UI) menjadi sorotan publik setelah viral di media sosial. https://t.co/OvTz0NNGjE https://t.co/6fAzT1zYQe,2044260434312868269,https://pbs.twimg.com/media/HF6sBplbIAAsBaP.jpg,,in,,0,0,0,https://x.com/undefined/status/2044260434312868269,1351733609581871106,
2044253079734976860,Wed Apr 15 03:27:53 +0000 2026,8,Di kasus FH UI banyak yang awalnya bilang cuma grup chat doang laki-laki emang gitu atau nggak sampe kekerasan . Padahal ini sudah kekerasan seksual berbasis digital. BEM FH UI &amp; BEM UI langsung gerak sidang internal digelar tuntutan DO (drop out) muncul Satgas,2044256369709330922,,garismerah_id,in,,0,2,0,https://x.com/undefined/status/2044256369709330922,1389727447579385856,
2044239544363692132,Wed Apr 15 02:21:02 +0000 2026,0,16 mahasiswa Fakultas Hukum Universitas Indonesia menjalani persidangan terbuka BEM FH UI dan Dekanat pada Selasa 13 April 2026 dini hari. Ketua BEM Anandaku Dimas Rumi Chattaristo mengatakan awalnya hanya dua hadir; setelah negosiasi orang tua 14 hadir. https://t.co/Ia61EyCnkq,2044239544363692132,,,in,,0,0,0,https://x.com/undefined/status/2044239544363692132,2003348236384567296,
2044229604177785312,Wed Apr 15 01:41:34 +0000 2026,0,(3) Faktanya makin bikin geleng-geleng kepala: Awalnya hanya 2 pelaku yang berani masuk sidang terbuka. 14 sisanya sempat ditahan oleh orang tuanya sendiri di ruangan lain. Baru setelah negosiasi alot sama Ketua BEM FH UI akhirnya mereka dilepas dan boleh turun.,2044229614919373181,,Esal_AE,in,,0,1,0,https://x.com/undefined/status/2044229614919373181,2018110068710121472,
2044704362690445495,Thu Apr 16 09:08:03 +0000 2026,1,Keberanian BEM FH UI dalam mengungkap dan mengawal kasus kekerasan seksual mendapat apresiasi tinggi dari Komisi III DPR RI. Langkah ini membuktikan bahwa kampus harus menjadi ruang aman bagi siapa saja. https://t.co/zgp1ZByASo,2044704362690445495,https://pbs.twimg.com/media/HGA_xvnbEAAgRmn.jpg,,in,,0,0,0,https://x.com/undefined/status/2044704362690445495,1968585166504476672,
2044702489161924913,Thu Apr 16 09:00:36 +0000 2026,0,DPR apresiasi keberanian BEM FH UI https://t.co/HH9dDGj0MD,2044702489161924913,https://pbs.twimg.com/media/HGA-EdrbUAACMEW.jpg,,in,,0,0,0,https://x.com/undefined/status/2044702489161924913,1447500779468718082,
2044678497885708523,Thu Apr 16 07:25:16 +0000 2026,5,Komisi III DPR RI apresiasi keberanian BEM FH UI dalam kasus kekerasan seksual ️‼️ We Are One Dendam FH UI https://t.co/ugUH4taDmv,2044678497885708523,https://pbs.twimg.com/ext_tw_video_thumb/2044678465342046208/pu/img/XO2Y6t7tTSC6ArPp.jpg,,in,,0,0,0,https://x.com/undefined/status/2044678497885708523,2033055462481080320,
2044676875054952556,Thu Apr 16 07:18:49 +0000 2026,13,sekelas berita satu nyebar false information bikin berita yg bener lah. BLS itu cmn salah satu ORGANISASI di FH UI yang masih di bawah naungan BEM FH UI. SK yang mereka keluarkan hanya untuk memberhentikan pelaku sebagai ANGGOTA ORGANISASI (aktif dan pasif),2044676875054952556,,,in,,0,1,0,https://x.com/undefined/status/2044676875054952556,1010124253448957952,
2044662531608940930,Thu Apr 16 06:21:50 +0000 2026,0,Komisi III DPR RI memuji keberanian BEM FH UI yang pasang badan dalam mengungkap kasus kekerasan seksual di kampus. Perlindungan terhadap korban adalah prioritas dan langkah mahasiswa ini menjadi teladan dalam menjaga integritas dunia pendidikan. https://t.co/SK4v8KtgEc,2044662531608940930,https://pbs.twimg.com/media/HGAZtzJasAA5HN6.jpg,,in,,0,0,0,https://x.com/undefined/status/2044662531608940930,1961349335184257024,
2044625244263198910,Thu Apr 16 03:53:40 +0000 2026,0,Komisi III DPR RI memuji respons cepat dan keberanian BEM FH UI dalam mengawal pengungkapan kasus kekerasan seksual yang terjadi di lingkungan kampus. Tindakan mahasiswa ini dinilai sebagai langkah nyata dalam memberikan perlindungan kepada korban https://t.co/K9ymvu12OX,2044625244263198910,https://pbs.twimg.com/media/HF_30EaacAA5CcI.jpg,,in,,0,0,0,https://x.com/undefined/status/2044625244263198910,2027428065962561537,
2044581028740935991,Thu Apr 16 00:57:59 +0000 2026,0,terhadap 27 mahasiswi. Para mahasiswa terlapor ini sedang menjalani proses pemeriksaan lebih lanjut. Pihak UI bilang langkah ini dilakukan sambil menunggu hasil investigasi lengkap. Sementara itu BEM UI dan BEM FH UI juga ikut mendesak agar ada sanksi yang lebih berat ,2044581033560223936,,AranggaPut,in,,0,1,0,https://x.com/undefined/status/2044581033560223936,1545212874033086464,
2045022390024056861,Fri Apr 17 06:11:47 +0000 2026,1,Habiburokhman mengapresiasi BEM FH UI yang menggelar audiensi terbuka menghadirkan 16 terduga pelaku dalam kasus pelecehan seksual pada 13 April 2026. https://t.co/SDbZcVG0xo,2045022390024056861,https://pbs.twimg.com/ext_tw_video_thumb/2045022322021797888/pu/img/aXvK9YuZeFltP6Ya.jpg,,in,,0,0,0,https://x.com/undefined/status/2045022390024056861,1429497035510583298,
2045432476676616594,Sat Apr 18 09:21:23 +0000 2026,0,Bagi siapa pun yang membutuhkan bantuan dari Posko ini dapat mengisi tautan berikut ini: https://t.co/4hH2hcg1ch Atau dapat melalui: poskobemfhui@gmail.com BEM FH UI 2026 Harmoni Memberi Arti,2045432492686295476,,BEM_FHUI,in,,0,0,0,https://x.com/undefined/status/2045432492686295476,416314022,
2045432476676616594,Sat Apr 18 09:21:20 +0000 2026,0,Posko Layanan Bantuan dan Pendampingan yang disediakan oleh BEM FH UI bekerja sama dengan Klinik Hukum FH UI bertujuan untuk memberikan layanan pendampingan kepada siapa pun yang terdampak dari tindakan kekerasan seksual yang dilakukan oleh para pelaku -,2045432481525211206,,BEM_FHUI,in,,0,1,0,https://x.com/undefined/status/2045432481525211206,416314022,
2045775180375666837,Sun Apr 19 08:03:18 +0000 2026,0,Akses petisi melalui tautan berikut: https://t.co/2Psn60wmGR Narahubung: Ivan (ivan_5050/081211452413) #SOSPOLBEMFHUI Bidang Sosial Politik BEM FH UI 2026 Harmoni Memberi Arti,2045775233383374996,,BEM_FHUI,in,,0,0,0,https://x.com/undefined/status/2045775233383374996,416314022,
2045756764269003126,Sun Apr 19 06:49:57 +0000 2026,0,BEM FH UI sendiri sudah menonaktifkan para terduga pelaku dari jabatan organisasi dan mendukung penuh proses investigasi. Ini langkah tegas buat nunjukin kalau nggak ada tempat bagi pelaku pelecehan di lingkungan pendidikan. #Keadilan #ZeroTolerance #MajalahSunday,2045756771558731989,,majalahsunday,in,,0,1,0,https://x.com/undefined/status/2045756771558731989,180240682,
2046591590953881824,Tue Apr 21 14:07:23 +0000 2026,0,Narahubung: Ivan (ivan_5050/081211452413) #SOSPOLBEMFHUI #HIDUPPEREMPUANYANGMELAWAN Bidang Sosial Politik BEM FH UI 2026 Harmoni Memberi Arti,2046591630841622884,,BEM_FHUI,in,,0,0,0,https://x.com/undefined/status/2046591630841622884,416314022,
2046439784244273506,Tue Apr 21 04:04:03 +0000 2026,0,Sebagaimana yang telah diperjuangkan Kartini kesetaraan dan keadilan bagi perempuan harus terus hidup hingga perempuan memiliki peran dalam membawa peradaban. BEM FH UI 2026 Harmoni Memberi Arti,2046439798156788187,,BEM_FHUI,in,,0,0,0,https://x.com/undefined/status/2046439798156788187,416314022,
2046439784244273506,Tue Apr 21 04:04:00 +0000 2026,0,[SELAMAT MEMPERINGATI HARI KARTINI!] BEM FH UI 2026 mengucapkan Selamat Memperingati Hari Kartini! https://t.co/2vijUzedGQ,2046439784244273506,https://pbs.twimg.com/media/HGZqIcOboAA5LwO.jpg,,in,,0,1,0,https://x.com/undefined/status/2046439784244273506,416314022,
2046937978464010554,Wed Apr 22 13:03:58 +0000 2026,0,Mari bersama-sama kita pastikan undang-undang ini hidup dan bekerja untuk mereka yang selama ini terpinggirkan. Narahubung: Ivan (ivan_5050/081211452413) #SOSPOLBEMFHUI #HIDUPPEREMPUANYANGMELAWAN Bidang Sosial Politik BEM FH UI 2026 Harmoni Memberi Arti,2046938060936667221,,BEM_FHUI,in,,0,0,0,https://x.com/undefined/status/2046938060936667221,416314022,
2047314575230668871,Thu Apr 23 14:00:17 +0000 2026,0,Daftarkan diri Anda pada tanggal 23 April 6 Mei 2026 melalui tautan berikut: https://t.co/KG1qQ3bbTu Narahubung: ️Sachiko Adenan (sach1919/081297368850) #AKRPOFBEMFHUI Bidang Akademik dan Profesi Hukum BEM FH UI 2026 Harmoni Memberi Arti,2047314619950338535,,BEM_FHUI,in,,0,0,0,https://x.com/undefined/status/2047314619950338535,416314022,
2047314575230668871,Thu Apr 23 14:00:14 +0000 2026,0,Pengkar Open Internship (POINT) adalah program kerja dari Departemen Pengembangan Karier BEM FH UI 2026 yang berfungsi sebagai wadah bagi IKM FH UI untuk mempersiapkan jenjang karier melalui kesempatan magang dengan instansi yang relevan. https://t.co/OE9sbcxGUX,2047314606767686109,https://pbs.twimg.com/media/HGmFw3AbYAAsCk3.jpg,BEM_FHUI,in,,0,1,0,https://x.com/undefined/status/2047314606767686109,416314022,
2047285630116540561,Thu Apr 23 12:05:17 +0000 2026,0,Narahubung: Ivan (ivan_5050/081211452413) #SOSPOLBEMFHUI Bidang Sosial Politik BEM FH UI 2026 Harmoni Memberi Arti,2047285677939982680,,BEM_FHUI,in,,0,0,0,https://x.com/undefined/status/2047285677939982680,416314022,
2047285630116540561,Thu Apr 23 12:05:12 +0000 2026,0,-dosen dan tenaga ahli serta adanya pendampingan hukum bagi Satgas PPK UI yang berada di bawah tekanan. Di sisi lain BEM FH UI telah menginisiasi Posko layanan pelaporan kekerasan seksual yang bersifat sementara mencakup pendampingan psikologis bantuan hukum dan pengarsipan-,2047285659636011068,,BEM_FHUI,in,,0,1,0,https://x.com/undefined/status/2047285659636011068,416314022,
2047231539508048000,Thu Apr 23 08:30:24 +0000 2026,0,Narahubung: Ivan (ivan_5050/081211452413) #SOSPOLBEMFHUI Bidang Sosial Politik BEM FH UI 2026 Harmoni Memberi Arti,2047231601025884173,,BEM_FHUI,in,,0,0,0,https://x.com/undefined/status/2047231601025884173,416314022,
2047227888827826231,Thu Apr 23 08:16:03 +0000 2026,0,Narahubung: Ivan (ivan_5050/081211452413) #SOSPOLBEMFHUI Bidang Sosial Politik BEM FH UI 2026 Harmoni Memberi Arti,2047227990594244766,,BEM_FHUI,in,,0,0,0,https://x.com/undefined/status/2047227990594244766,416314022,
2047223975764541743,Thu Apr 23 08:00:17 +0000 2026,0,Narahubung: Ivan (ivan_5050/081211452413) #SOSPOLBEMFHUI Bidang Sosial Politik BEM FH UI 2026 Harmoni Memberi Arti,2047224022958764304,,BEM_FHUI,in,,0,0,0,https://x.com/undefined/status/2047224022958764304,416314022,
2048391061584941265,Sun Apr 26 13:17:41 +0000 2026,0,ngolah w/kastrat bem fh ui ugm undip dan ub https://t.co/2OGBgmHXIZ,2048391061584941265,https://pbs.twimg.com/media/HG1Y0KYaYAAa2Cy.jpg,,in,,0,0,0,https://x.com/undefined/status/2048391061584941265,1481239946015166469,
2048703835544444973,Mon Apr 27 10:00:34 +0000 2026,1,Narahubung: Livia Sonivelli L (livia2005/082151495966) #BIDANGINTERNALBEMFHUI Bidang Internal BEM FH UI 2026 Harmoni Memberi Arti,2048703845573042573,,BEM_FHUI,in,,0,0,1,https://x.com/undefined/status/2048703845573042573,416314022,
2048703835544444973,Mon Apr 27 10:00:33 +0000 2026,0,Waktu yang kalian tunggu dan nantikan akan segera datang persiapkan diri kalian! Pendaftaran Calon Staf BEM FH UI 2026 akan segera dibuka. Jangan lupa untuk ikuti media sosial BEM FH UI 2026 untuk mendapatkan informasi terkait Rekrutmen Terbuka Staf BEM FH UI 2026.,2048703840959283321,,BEM_FHUI,in,,0,1,0,https://x.com/undefined/status/2048703840959283321,416314022,
2048703835544444973,Mon Apr 27 10:00:32 +0000 2026,0,[COMING SOON: REKRUTMEN TERBUKA STAF BEM FH UI 2026] Halo IKM FH UI! https://t.co/BEj06owPuj,2048703835544444973,https://pbs.twimg.com/media/HG51Rs7bIAAVhQW.jpg,,in,,0,1,0,https://x.com/undefined/status/2048703835544444973,416314022,
2049490663683842558,Wed Apr 29 14:07:14 +0000 2026,0,Narahubung: Livia Sonivelli L (livia2005/082151495966) #BIDANGINTERNALBEMFHUI Bidang Internal BEM FH UI 2026 Harmoni Memberi Arti,2049490695124406676,,BEM_FHUI,in,,0,0,0,https://x.com/undefined/status/2049490695124406676,416314022,
2049490663683842558,Wed Apr 29 14:07:10 +0000 2026,0,BEM FH UI 2026 telah membuka masa Pendaftaran Calon Staf BEM FH UI 2026! Oleh karena itu BEM FH Ul memberikan kesempatan bagi IKM FH Ul untuk mengetahui lebih dalam mengenai Biro atau Departemen yang ada di BEM FH UI 2026 melalui Riset Terjadwal- https://t.co/so9ijQgzAO,2049490680855335011,https://pbs.twimg.com/media/HHFA52QaUAACW-H.jpg,BEM_FHUI,in,,0,1,0,https://x.com/undefined/status/2049490680855335011,416314022,
2049490663683842558,Wed Apr 29 14:07:06 +0000 2026,0,[RISET TERJADWAL BEM FH UI 2026] Halo IKM FH UI! https://t.co/n2BObjcjpg,2049490663683842558,https://pbs.twimg.com/media/HHFA4-IaMAEeLzO.jpg,,in,,0,1,0,https://x.com/undefined/status/2049490663683842558,416314022,
2049462225463804226,Wed Apr 29 12:29:29 +0000 2026,0,Narahubung: Livia Sonivelli L (livia2005/082151495966) #BIDANGINTERNALBEMFHUI Bidang Internal BEM FH UI 2026 Harmoni Memberi Artih,2049466096764530987,,BEM_FHUI,in,,0,0,0,https://x.com/undefined/status/2049466096764530987,416314022,
2049462225463804226,Wed Apr 29 12:29:28 +0000 2026,0,Harmoni menyatukan langkah dan memberi makna pada setiap upaya. Rekrutmen Staf BEM FH UI 2026 dapat diakses melalui tautan berikut ini: https://t.co/XdY38FK3DV,2049466092465361254,,BEM_FHUI,in,,0,1,0,https://x.com/undefined/status/2049466092465361254,416314022,
2049462225463804226,Wed Apr 29 12:29:27 +0000 2026,0,Pendaftaran Calon Staf BEM FH UI 2026 telah dibuka. Pendaftaran dapat dilakukan mulai tanggal 29 April 2 Mei 2026 pukul 23.59 WIB. Inilah kesempatanmu untuk bergerak bersama dalam harmoni membangun perubahan dan menciptakan dampak nyata bagi FH UI UI dan Indonesia. https://t.co/l9FLWUaSWo,2049466087478374653,https://pbs.twimg.com/media/HHEqiORa0AAoz13.jpg,BEM_FHUI,in,,0,1,0,https://x.com/undefined/status/2049466087478374653,416314022,
2049462225463804226,Wed Apr 29 12:14:06 +0000 2026,0,[REKRUTMEN TERBUKA STAF BEM FH UI 2026] Halo IKM FH UI! https://t.co/h3sfKiETxi,2049462225463804226,https://pbs.twimg.com/media/HHEnB3taUAAs-bI.jpg,,in,,0,1,0,https://x.com/undefined/status/2049462225463804226,416314022,
2049866530066960785,Thu Apr 30 15:00:45 +0000 2026,0,Narahubung: Ivan (ivan_5050/081211452413) #SOSPOLBEMFHUI #HIDUPBURUH #MAYDAY Bidang Sosial Politik BEM FH UI 2026 Harmoni Memberi Arti,2049866551059525638,,BEM_FHUI,in,,0,0,0,https://x.com/undefined/status/2049866551059525638,416314022,
2049861065727701119,Thu Apr 30 14:39:19 +0000 2026,0,Narahubung: Ivan (ivan_5050/081211452413) #SOSPOLBEMFHUI #HIDUPBURUH #MAYDAY Bidang Sosial Politik BEM FH UI 2026 Harmoni Memberi Arti,2049861157503308042,,BEM_FHUI,in,,0,0,0,https://x.com/undefined/status/2049861157503308042,416314022,
2049745692055548021,Thu Apr 30 07:00:33 +0000 2026,0,Narahubung: Sachiko (sach1919/081297368850) #AKPROFBEMFHUI Bidang Akademik dan Profesi Hukum BEM FH UI 2026 Harmoni Memberi Arti,2049745704864899354,,BEM_FHUI,in,,0,0,0,https://x.com/undefined/status/2049745704864899354,416314022,
2050138506782274022,Fri May 01 09:01:26 +0000 2026,0,Selamat bergabung menjadi bagian dari keluarga besar IKM FH UI! Narahubung: Sachiko (sach1919/081297368850) #AKPROFBEMFHUI Bidang Akademik dan Profesi Hukum BEM FH UI 2026 Harmoni Memberi Arti,2050138515858739667,,BEM_FHUI,in,,0,0,0,https://x.com/undefined/status/2050138515858739667,416314022,
2050138506782274022,Fri May 01 09:01:25 +0000 2026,0,BEM FH UI 2026 mengucapkan selamat datang kepada Mahasiswa Baru Fakultas Hukum Universitas Indonesia angkatan 2026 jalur SIMAK KKI! Bagi mahasiswa baru angkatan 2026 dipersilakan untuk mengisi tautan berikut: https://t.co/3scYMXX90y.,2050138511219786082,,BEM_FHUI,in,,0,1,0,https://x.com/undefined/status/2050138511219786082,416314022,
2050034653634158909,Fri May 01 02:08:45 +0000 2026,0,Semoga kesejahteraan keadilan dan perlindungan bagi seluruh pekerja di Indonesia dapat terus ditingkatkan serta tercipta lingkungan kerja yang lebih layak inklusif dan berkeadilan. BEM FH UI 2026 Harmoni Memberi Arti,2050034662006001833,,BEM_FHUI,in,,0,0,0,https://x.com/undefined/status/2050034662006001833,416314022,
2050034653634158909,Fri May 01 02:08:43 +0000 2026,0,[SELAMAT HARI BURUH INTERNASIONAL!] BEM FH UI 2026 mengucapkan Selamat Memperingati Hari Buruh Internasional! https://t.co/ojCyAhxZyz,2050034653634158909,https://pbs.twimg.com/media/HHMvpmEaoAA7VS7.jpg,,in,,0,1,0,https://x.com/undefined/status/2050034653634158909,416314022,
2050577401592283421,Sat May 02 14:05:31 +0000 2026,0,Untuk itu Bidang Internal BEM FH UI 2026 ingin menginformasikan mengenai agenda kegiatan BEM FH UI 2026 pada bulan Mei melalui infografis di atas. Narahubung: Livia Sonivelli L (livia2005/082151495966) #INTERNALBEMFHUI Bidang Internal BEM FH UI 2026 Harmoni Memberi Arti,2050577426762363095,,BEM_FHUI,in,,0,0,0,https://x.com/undefined/status/2050577426762363095,416314022,
2050577401592283421,Sat May 02 14:05:29 +0000 2026,0,Kalender BEM FH UI 2026 merupakan salah satu program kerja Bidang Internal BEM FH UI 2026 yang dijalankan setiap bulannya untuk menyajikan informasi mengenai agenda program kerja dari Biro dan Departemen BEM FH UI 2026 yang akan diselenggarakan pada bulan tersebut. https://t.co/XG2FMgw3gw,2050577421523657080,https://pbs.twimg.com/media/HHUdSWvbUAAsluC.jpg,BEM_FHUI,in,,0,1,0,https://x.com/undefined/status/2050577421523657080,416314022,
2050577401592283421,Sat May 02 14:05:25 +0000 2026,0,[KALENDER BEM FH UI: MEI 2026] Halo FH UI UI dan Indonesia! https://t.co/gUQ5WUfDFi,2050577401592283421,https://pbs.twimg.com/media/HHUdRrSaUAAZZo1.jpg,,in,,0,1,0,https://x.com/undefined/status/2050577401592283421,416314022,
2050565566138826842,Sat May 02 13:18:28 +0000 2026,0,Narahubung: Livia Sonivelli L (livia2005/082151495966) #INTERNALBEMFHUI Bidang Internal BEM FH UI 2026 Harmoni Memberi Arti,2050565587487916046,,BEM_FHUI,in,,0,0,0,https://x.com/undefined/status/2050565587487916046,416314022,
2050565566138826842,Sat May 02 13:18:27 +0000 2026,0,Tenggat waktu pengumpulan berkas Calon Staf BEM FH UI 2026 kini telah diperpanjang! Segera daftarkan diri kalian dan jangan lupa untuk ikuti media sosial BEM FH UI 2026 untuk mendapatkan informasi terkait rekrutmen terbuka staf BEM FH UI 2026. https://t.co/JfOJrxfFHo,2050565582542749741,https://pbs.twimg.com/media/HHUShbFaAAA225W.jpg,BEM_FHUI,in,,0,1,0,https://x.com/undefined/status/2050565582542749741,416314022,
2050565566138826842,Sat May 02 13:18:23 +0000 2026,0,[PERPANJANGAN TENGGAT WAKTU PENGUMPULAN BERKAS REKRUTMEN CALON STAF BEM FH UI 2026!] Halo IKM FH UI! https://t.co/lVQnNabX7H,2050565566138826842,https://pbs.twimg.com/media/HHUSgv1bMAAqI8S.jpg,,in,,1,1,0,https://x.com/undefined/status/2050565566138826842,416314022,
2050930930605490358,Sun May 03 13:30:19 +0000 2026,0,Narahubung: Ivan (ivan_5050/081211452413) #SOSPOLBEMFHUI #HARDIKNAS Bidang Sosial Politik BEM FH UI 2026 Harmoni Memberi Arti,2050930957763707062,,BEM_FHUI,in,,0,0,0,https://x.com/undefined/status/2050930957763707062,416314022,
2050916548249047452,Sun May 03 12:33:13 +0000 2026,0,Narahubung: Ivan (ivan_5050/081211452413) #SOSPOLBEMFHUI #KAMIBERSAMAANDRIE #LAWANMILITERISME #REFORMASIPERADILANMILITER Bidang Sosial Politik BEM FH UI 2026 Harmoni Memberi Arti,2050916586614325603,,BEM_FHUI,in,,0,0,0,https://x.com/undefined/status/2050916586614325603,416314022,
2051197282243215585,Mon May 04 07:08:36 +0000 2026,0,BEM FH UI UGM Undip Unair UB Ajukan Amicus Curiae Uji UU TNI ke MK https://t.co/uqvhga2Oeh,2051197282243215585,,,in,,0,0,0,https://x.com/undefined/status/2051197282243215585,388190238,
2051175640502816935,Mon May 04 05:42:36 +0000 2026,0,BEM FH UI UGM Undip Unair UI Ajukan Amicus Curiae Uji UU TNI ke MK https://t.co/YeP8TaHOwn,2051175640502816935,,,in,,0,0,0,https://x.com/undefined/status/2051175640502816935,388190238,
2043865746519040199,Tue Apr 14 01:35:41 +0000 2026,0,BIADAB! FH UI lo ini! pantesan sistem penegakan hukum Indonesia terutama yg menyangkut kekerasan seksual alot banget. Calon-calon penegak hukumnya aja begini,2043865746519040199,,,in,,0,0,0,https://x.com/undefined/status/2043865746519040199,2268359755,
2044024293756154195,Tue Apr 14 12:05:42 +0000 2026,2,Kasus Chat Mesum FH UI Meledak HR Beberkan Dampaknya ke Dunia Kerja Kasus dugaan pelecehan seksual verbal yang melibatkan 16 mahasiswa Fakultas Hukum Universitas Indonesia (FH UI) tengah menjadi sorotan. Perilaku tidak pantas tersebut diduga dilakukan melalui percakapan dalam https://t.co/XASPoiVT29,2044024293756154195,https://pbs.twimg.com/media/HF3VQjSasAEa0OO.jpg,,in,,1,0,0,https://x.com/undefined/status/2044024293756154195,48359478,
2044007258707898737,Tue Apr 14 10:58:00 +0000 2026,1,Heboh Kasus Chat Mesum FH UI Pelaku Bakal Susah Dapat Kerja https://t.co/bjpKhNyHTJ,2044007258707898737,,,in,,0,0,1,https://x.com/undefined/status/2044007258707898737,135795460,
2043981209076936734,Tue Apr 14 09:14:30 +0000 2026,0,Skandal Chat Mesum FH UI 16 Mahasiswa Terancam DO Massal https://t.co/2z2G54basX,2043981209076936734,,,in,,0,0,0,https://x.com/undefined/status/2043981209076936734,817669043792420864,
2043971457546633325,Tue Apr 14 08:38:08 +0000 2026,2,Siapapun yg kemaren nebak klo yg nyebar ss grup chat mesum FH UI adalah salah 1 anggotanya juga lu bener2 jeli. Dah ky detektif. Kemaren ada yg nebak pacar dari salah 1 pelaku. Sebenarnya gak terlalu salah. Karena pelaku jadi bongkar2 kan gara2 ketauan pacar.,2043972056233193930,,sssmtshk,in,,0,0,0,https://x.com/undefined/status/2043972056233193930,1675796975827161089,
2043971457546633325,Tue Apr 14 08:35:45 +0000 2026,1,Lah ternyata yg bocorin ss grup chat mesum FH UI itu anggotanya juga. Itu juga karena ketauan pacarnya. Ngeposisiin diri jadi whistle blower pula. No! Lu justice collaborator. Lu pelaku juga tapi lu bersedia bongkar2 kelakuan temen2 lu yg terlibat. Ini kemaren ada yg nebak pas.,2043971457546633325,,,in,,0,1,0,https://x.com/undefined/status/2043971457546633325,1675796975827161089,
2044343584389046297,Wed Apr 15 09:14:27 +0000 2026,2,Ramai-ramai Desakan 16 Pelaku Chat Mesum FH UI Diproses Hukum Tak Hanya Disanksi Etik https://t.co/4juDvSzYht,2044343584389046297,,,in,,0,0,1,https://x.com/undefined/status/2044343584389046297,124171593,
2044328358184689994,Wed Apr 15 08:13:57 +0000 2026,185,Gue nemu lg jawaban dari kasus grup chat mesum FH UI di buku yg lagi gue baca. Misogyny itu ternyata nggk melulu hadir dalam bentuk yg kelihatan loh justru skrg lebih sring hidup di ruang digital tertutup pula. Ofc lewat online sexual abuse yg sering bgt dianggap cuma chat'. https://t.co/nycOSIOAKH,2044328358184689994,https://pbs.twimg.com/media/HF7pzO9aUAAVJ8H.jpg,,in,,1,11,43,https://x.com/undefined/status/2044328358184689994,1977270741298298881,
2044314494646792356,Wed Apr 15 07:18:51 +0000 2026,0,Video soal Kasus Grup Chat Mesum FH UI Mendikti: Tidak Boleh Ada Toleransi https://t.co/aZ4W3aKcLW,2044314494646792356,,,in,,0,0,0,https://x.com/undefined/status/2044314494646792356,1668188086067683331,
2044299903573340620,Wed Apr 15 06:20:52 +0000 2026,0,Video soal Kasus Grup Chat Mesum FH UI Mendikti: Tidak Boleh Ada Toleransi https://t.co/opkR7QQjDc,2044299903573340620,,,in,,0,0,0,https://x.com/undefined/status/2044299903573340620,598959076,
2044233039568613883,Wed Apr 15 01:55:11 +0000 2026,0,Skandal Chat Mesum FH UI 16 Mahasiswa Terancam DO Massal https://t.co/2z2G54basX,2044233039568613883,,,in,,0,0,0,https://x.com/undefined/status/2044233039568613883,817669043792420864,
2044773845513760933,Thu Apr 16 13:44:09 +0000 2026,0,Video Puan soal Pelaku Grup Chat Mesum FH UI: Harus Diadili! https://t.co/unuO9fTCyj,2044773845513760933,,,in,,0,0,0,https://x.com/undefined/status/2044773845513760933,598959076,
2044753432754770093,Thu Apr 16 12:23:02 +0000 2026,0,Terbaru Polda Metro Jaya Kumpulkan Barang Bukti Grup Chat Mesum FH UI https://t.co/xDrS7FLmyx,2044753432754770093,,,in,,0,0,0,https://x.com/undefined/status/2044753432754770093,1668188086067683331,
2044642588330954967,Thu Apr 16 05:02:35 +0000 2026,0,Kasus Grup Chat Mesum FH UI Legislator Tekankan Penegakan Sanksi Dan Perlindungan Korban https://t.co/iU6EIiYIq1,2044642588330954967,,,in,,0,0,0,https://x.com/undefined/status/2044642588330954967,2022173222343782402,
2044566582031225206,Thu Apr 16 00:00:34 +0000 2026,5,Ramai-Ramai Anggota DPR Kecam Grup Chat Mesum FH UI https://t.co/KtxkKnzbjH,2044566582031225206,,,in,,1,1,3,https://x.com/undefined/status/2044566582031225206,17128975,
2045130949235708086,Fri Apr 17 13:23:09 +0000 2026,0,Skandal Chat Mesum FH UI 16 Mahasiswa Terancam DO Massal https://t.co/2z2G54basX,2045130949235708086,,,in,,0,0,0,https://x.com/undefined/status/2045130949235708086,817669043792420864,
2045007938566467923,Fri Apr 17 05:14:21 +0000 2026,1,Kritikan Andovi da Lopez usai Viral Skandal Chat Mesum FH UI https://t.co/wzzXTmQTwe via @YouTube,2045007938566467923,,,in,,0,0,0,https://x.com/undefined/status/2045007938566467923,906514341913968641,
2045432226406621490,Sat Apr 18 09:20:19 +0000 2026,1,Menurut UU ITE yang jadi tersangka adalah pembocor dan penyebar konten chat ruang pribadi 1. Munif &amp; pacarnya 2. Dekan FH UI 3. Beberapa Presenter Media 4. Oknum2 penyebar chat Terbaru Polda Metro Jaya Kumpulkan Barang Bukti Grup Chat Mesum FH UI https://t.co/cPgV8nprHH,2045432226406621490,,,in,,0,0,3,https://x.com/undefined/status/2045432226406621490,736441309,
2046040436830249413,Mon Apr 20 01:37:08 +0000 2026,0,Tiba2 lewat cuitan akun yg bahas konti cilik. Gue pikir cowo2 akan muncul ke permukaan &amp; mempertanyakan apalah ini juga termasuk pelecehan karena kasus chat mesum FH UI yg heboh kemaren. Tapi kok sepi. Eh ternyata itu akun Bowtea. Pantesan pada bingung ambil sikap ,2046040436830249413,,,in,,0,0,0,https://x.com/undefined/status/2046040436830249413,1675796975827161089,
2043724490031649005,Mon Apr 13 16:59:15 +0000 2026,0,@funtakee itu masalah fh ui pelecehan,2043735778728223167,,funtakee,in,,0,0,0,https://x.com/undefined/status/2043735778728223167,4133533333,
2043709301018267719,Mon Apr 13 15:14:02 +0000 2026,2,oh 14 pelaku lain udah ada yang dijemput mami papinya? FH UI PELECEHAN SEKSUAL,2043709301018267719,,,in,,0,0,2,https://x.com/undefined/status/2043709301018267719,1358098976143151106,
2043703006638834158,Mon Apr 13 14:49:01 +0000 2026,0,guys siapa mami papinya pelaku yang ga berani dateng malem ini? FH UI PELECEHAN SEKSUAL. orang penting ya...,2043703006638834158,,,in,,0,0,0,https://x.com/undefined/status/2043703006638834158,1358098976143151106,
2043702480761159682,Mon Apr 13 14:46:56 +0000 2026,7,kenapa live fh ui tbtb semua disuruh matiin... request mami papinya siapa itu FH UI PELECEHAN SEKSUAL,2043702480761159682,,,in,,0,0,1,https://x.com/undefined/status/2043702480761159682,1358098976143151106,
2043699867399458925,Mon Apr 13 14:40:53 +0000 2026,15,2 ORANG YANG NGADEPIN MASSA. SISANYA DIEM DI RUANGAN TENANG SAMA ORANGTUA MASING2 DIJAGAIN YA DEK FH UI PELECEHAN SEKSUAL,2043700958061084690,,heiligrac,in,,0,2,0,https://x.com/undefined/status/2043700958061084690,1358098976143151106,
2043699867399458925,Mon Apr 13 14:40:25 +0000 2026,16,cuman 2 orang yang ngadepin massa.. sisa pelaku berlindung dibawah nama orang tuanya is CRAZY. FH UI shame shame shameee on you! FH UI PELECEHAN SEKSUAL,2043700840947724477,,heiligrac,in,,0,1,0,https://x.com/undefined/status/2043700840947724477,1358098976143151106,
2043699867399458925,Mon Apr 13 14:36:33 +0000 2026,10,speechless sama FH UI mereka cuman berani bawa 2 mahasiswa mesemnya sisa pelaku berlindung di bawah nama orang tuanya.. FH UI PELECEHAN SEKSUAL,2043699867399458925,,,in,,0,1,3,https://x.com/undefined/status/2043699867399458925,1358098976143151106,
2043699609021882630,Mon Apr 13 14:35:31 +0000 2026,1,plea fh ui yang SH cuman 2 orang yang dateng publik? sisanya kemana? FH UI PELECEHAN SEKSUAL,2043699609021882630,,,in,,0,0,0,https://x.com/undefined/status/2043699609021882630,1358098976143151106,
2043678458161885382,Mon Apr 13 13:11:28 +0000 2026,393,Bayangin dah anjir sekelas FH UI pelecehan? Wtf gatakut kah? Busett https://t.co/PxncMt0kwS,2043678458161885382,https://pbs.twimg.com/media/HFyauS4aMAAbOrq.jpg,,in,,2,3,32,https://x.com/undefined/status/2043678458161885382,1970084566892421120,
2043665017032306789,Mon Apr 13 12:24:24 +0000 2026,0,@tiktokIDN @TikTokSupport Belajar dari kasus viral oknum mahasiswa FH UI pelecehan verbal khususnya di ruang digital itu nyata dan jangan dinormalisasi. Apalagi sampai bawa² ortu cuma karena ga terima dikritik. Saran gw lebih bijak main sosmed ya guys..,2043666611165634904,,kaelarv4i,in,,0,0,0,https://x.com/undefined/status/2043666611165634904,2028748014417072128,
2044066869490151767,Tue Apr 14 14:54:53 +0000 2026,1,kenapa tbtb pengunduran diri ya? fh ui pelecehan seksual https://t.co/mm36NkRvLm,2044066869490151767,https://pbs.twimg.com/media/HF37-pgasAIh5p-.jpg,,in,,0,0,0,https://x.com/undefined/status/2044066869490151767,1358098976143151106,
2044030638223671624,Tue Apr 14 12:30:55 +0000 2026,7037,jends! lagi rame di FH UI pelecehan seksual sebenernya di FH Unsoed juga ada yang kayak gitu cuma pelakunya perempuan dan punya jabatan di FH.,2044030638223671624,,,in,,127,216,559,https://x.com/undefined/status/2044030638223671624,1855834355165544448,
2043990558407045563,Tue Apr 14 09:51:39 +0000 2026,59,Euy belajar dari kasus KS FH UI pelecehan seksual itu bukan cuma fisik aja tapi termasuk juga nonfisik bahkan kekerasan seksual berbasis elektronik... https://t.co/4kIDf1Kk6j,2043990558407045563,https://pbs.twimg.com/media/HF22bmnaYAAAysh.jpg,,in,,1,2,13,https://x.com/undefined/status/2043990558407045563,1248335621988311041,
2043949364750757916,Tue Apr 14 07:07:57 +0000 2026,0,TAHUKAH Anda bahwa otak kita bekerja dengan aneh dan ganjil? Hal tersebut juga berdampak pada apa yang kita ucapkan lakukan maupun alami menjadi tidak logis. https://t.co/eKPQH3oyxT pelaku ks mahasiswa fh ui pelecehan https://t.co/ft1Nlwt7oa,2043949364750757916,https://pbs.twimg.com/media/HF2Q5G0a4AA4D9c.jpg,,in,,0,0,0,https://x.com/undefined/status/2043949364750757916,96859522,
2043908996634153308,Tue Apr 14 04:27:33 +0000 2026,0,FH UI PELECEHAN FAKULTAS HUKUM https://t.co/0c3J5ahiDa Tobrut cantik lagi masak,2043908996634153308,,,in,,0,0,0,https://x.com/undefined/status/2043908996634153308,816247050245263360,
2043906004568682772,Tue Apr 14 04:21:05 +0000 2026,1,VINE lu mau debutin grup buat narik PASAR INDO KAN??? Sekalian aja debutin boygroup membernya rekrut dari kasus FH UI pelecehan seksual kemaren debutin tuh Valenza and The Geng wkwkwk buat narik pasar indo wkwkwk sekalian makin DIHUJAT terus BUBAR deh hahaha,2043907371303612632,,radhiyanandana2,in,,0,0,0,https://x.com/undefined/status/2043907371303612632,1298984539302195200,
2043899372765860329,Tue Apr 14 03:49:18 +0000 2026,1,Berapa lama berapa banyak dan berapa lainnya kasus fh ui pelecehan ini akan bertahan viralnya di medsos? Dan bagaimana blunderny yang kontra/ketahuan sama aja?,2043899372765860329,,,in,,1,1,1,https://x.com/undefined/status/2043899372765860329,1139233498982539264,
2044502317064720807,Wed Apr 15 19:45:12 +0000 2026,0,Rabu Malam FH UI Pelecehan Cilok Lolox TNI Kita Otsucaine Prambanan JENO FOR MATIN KIM Cek DI Bio https://t.co/THjia3cGGp #fyp #viralindonesia #reelsindonesia #tiktokindonesia #pembasmihama #hama #tikus #kecoa #sarangtawon #pembersihan #Prambanan #kamis #Malam #Cilok #FHUI https://t.co/BJtNWvuDRz,2044502317064720807,https://pbs.twimg.com/amplify_video_thumb/2044500351135731713/img/P3wNOhU_FYVLMs86.jpg,,in,,0,0,0,https://x.com/undefined/status/2044502317064720807,2024137006071300096,
2044491345533014434,Wed Apr 15 19:01:36 +0000 2026,0,Peristiwa itu terjadi di Jalan Arteri Pondok Indah Jakarta Selatan Selasa (17/2/2026). Rabu Malam FH UI Pelecehan Cilok Lolox TNI Kita Otsucaine Prambanan JENO FOR MATIN KIM Cek Di Bio https://t.co/8v7GXOqLpu . . #viral #video #terabox #rabu #viral #Malam #Seblak #Cilok #FHUI https://t.co/u675mxZ9tH,2044491345533014434,https://pbs.twimg.com/amplify_video_thumb/2044490733135269888/img/D46OkigegMQgkMRn.jpg,,in,,0,0,0,https://x.com/undefined/status/2044491345533014434,2030627171023384576,
2044490857513160847,Wed Apr 15 18:59:39 +0000 2026,6,CERITA VIRAL : Saya Dengan Suamiku Dan Anakkun baca selengkapnya : https://t.co/ZV4VA7A5PC #cerita #novel #romantis #malam #rabu FH UI Pelecehan Cilok #TibatibaSetanBesokTayang Malam #BeriCintaWaktu214 #Our_7_Are_One_In_A_Billion Bareng TNI Kita Lolox https://t.co/IJ1Xo5kHwm,2044490857513160847,https://pbs.twimg.com/media/HF99lxwbEAENIEi.png,,in,,0,0,2,https://x.com/undefined/status/2044490857513160847,2035648613943238657,
2044489185374179778,Wed Apr 15 18:53:01 +0000 2026,0,Rabu Malam FH UI Pelecehan Cilok Lolox TNI Kita Otsucaine Prambanan JENO FOR MATIN KIM Cek Di Bio https://t.co/i4NsfalQfM #explore #fypシ #beritaviral #MakeNightsEpic #beritaterkini #fyp #berita #Prambanan #razia #viral #Malam #videoviral #Cilok #FHUI #grebek https://t.co/8eYxlgvBA0,2044489185374179778,https://pbs.twimg.com/amplify_video_thumb/2044486179102617600/img/e05rhd_8_s1FO7wv.jpg,,in,,0,0,0,https://x.com/undefined/status/2044489185374179778,2024127990737825792,
2044478879746953643,Wed Apr 15 18:12:04 +0000 2026,0,Rabu Malam FH UI Pelecehan Cilok Lolox TNI Kita Otsucaine Prambanan JENO FOR MATIN KIM Cek Di Bio https://t.co/9UMdv8UmAw #faktadunia #infodunia #infoupdate #fakta #wowfakta #faktaindo #faktaunik #infounik #cariilmu #faktamenarik #faktanyagoogle #FHUI #Cilok https://t.co/huvaHpdHiM,2044478879746953643,https://pbs.twimg.com/amplify_video_thumb/2044477987836612608/img/3Sc7rupwNPgWuz7E.jpg,,in,,0,0,0,https://x.com/undefined/status/2044478879746953643,1997595099354787840,
2044459222130430172,Wed Apr 15 16:53:57 +0000 2026,0,Malam FH UI Pelecehan Prambanan Pelaku KS Ready Vcs https://t.co/wcRARsU9gu,2044459222130430172,https://pbs.twimg.com/media/HF9g0tfbEAID2Gr.jpg,,in,,0,0,0,https://x.com/undefined/status/2044459222130430172,2034641478765756416,
2044457824928075942,Wed Apr 15 16:48:24 +0000 2026,7,viral indo terbaru seleb tiktok vell blunder https://t.co/ueSVNBZy6F https://t.co/ueSVNBZy6F Otsucaine Prambanan Malam sugar daddy FH UI Pelecehan Cilok Lolox TNI Kita JENO FOR MATIN KIM Rabu,2044457824928075942,,,in,,0,1,1,https://x.com/undefined/status/2044457824928075942,2204868319,
2044457788534100419,Wed Apr 15 16:48:15 +0000 2026,10,viral indo terbaru cewe hijab gede banget https://t.co/ueSVNBZy6F https://t.co/ueSVNBZy6F Otsucaine Prambanan Malam sugar daddy FH UI Pelecehan Cilok Lolox TNI Kita JENO FOR MATIN KIM Rabu https://t.co/diZvEWjrLX,2044457788534100419,https://pbs.twimg.com/media/HF9ffzzbEAERJuO.jpg,,in,,0,2,1,https://x.com/undefined/status/2044457788534100419,2204868319,
2044457718455681126,Wed Apr 15 16:47:58 +0000 2026,10,viral indo terbaru seleb tiktok vell https://t.co/ueSVNBZy6F https://t.co/ueSVNBZy6F Otsucaine Prambanan Malam sugar daddy FH UI Pelecehan Cilok Lolox TNI Kita JENO FOR MATIN KIM Rabu https://t.co/lKmZ6XmFqE,2044457718455681126,https://pbs.twimg.com/media/HF9fdRObEAAl1AG.jpg,,in,,0,2,1,https://x.com/undefined/status/2044457718455681126,2204868319,
2044457662109388878,Wed Apr 15 16:47:45 +0000 2026,7,viral indo terbaru atlit volly blunder https://t.co/ueSVNBZy6F https://t.co/ueSVNBZy6F Otsucaine Prambanan Malam sugar daddy FH UI Pelecehan Cilok Lolox TNI Kita JENO FOR MATIN KIM Rabu https://t.co/Usyc2VuqDr,2044457662109388878,https://pbs.twimg.com/media/HF9fYU1awAAeqNv.jpg,,in,,0,0,1,https://x.com/undefined/status/2044457662109388878,2204868319,
2044457595013107755,Wed Apr 15 16:47:29 +0000 2026,8,viral indo terbaru seleb tiktok vell https://t.co/ueSVNBZy6F https://t.co/ueSVNBZy6F Otsucaine Prambanan Malam sugar daddy FH UI Pelecehan Cilok Lolox TNI Kita JENO FOR MATIN KIM Rabu,2044457595013107755,,,in,,0,0,1,https://x.com/undefined/status/2044457595013107755,2204868319,
2044705959071908102,Thu Apr 16 09:14:24 +0000 2026,0,Kapan Jadwal Pencairan Gaji ke‑13 ASN TNI Polri Pensiunan? Isu Pemangkasan Beredar https://t.co/iFNUyBglWs FH UI Pelecehan #gaji #pensiunan #gajike13,2044705959071908102,,,in,,0,0,0,https://x.com/undefined/status/2044705959071908102,209940336,
2044134796549665166,Tue Apr 14 19:24:48 +0000 2026,6,ISI REKAMAN GRUP WA FH UI https://t.co/jVbp8OAEwu https://t.co/brGcR3Ju7R https://t.co/YDhoHFHgMb https://t.co/hR3ZxlQcGH,2044134796549665166,,,in,,0,0,0,https://x.com/undefined/status/2044134796549665166,2026166227698339840,
2045327341652738192,Sat Apr 18 02:23:33 +0000 2026,0,Menarik nih diskusi seru netizen terpantik mas @aganharahap di Thread yglantas saya coba respon. Lalu apa bedanya isi chat grup wa FH UI itu dengan komentar2 di postingan selfienya @nicsap bbrp waktu lalu demikian ia mengajukan tanya. Simak yuk di: https://t.co/yfASK3TW1l https://t.co/D0t5X2BUAl,2045327341652738192,https://pbs.twimg.com/media/HGJ1eQyaoAE7RHV.jpg,,in,,0,0,1,https://x.com/undefined/status/2045327341652738192,18265199,
2043354843897803202,Sun Apr 12 15:45:33 +0000 2026,1,baru baca kasus fh ui anjir kacau bngt as anak hukum jujur gue marah bngt. kok bisa sih otak bokep masuk ke fh anj.,2043354843897803202,,,in,,0,0,0,https://x.com/undefined/status/2043354843897803202,1397753123960016901,
2043336093836492873,Sun Apr 12 14:31:02 +0000 2026,0,baca kasus fh ui ternganga aku wakk,2043336093836492873,,,in,,0,0,0,https://x.com/undefined/status/2043336093836492873,1704511980269363200,
2043322454568018408,Sun Apr 12 13:36:50 +0000 2026,0,ni akun MBG ampe repost kasus FH UI,2043322454568018408,,,in,,0,0,0,https://x.com/undefined/status/2043322454568018408,1249989603127218181,
2043304191838638400,Sun Apr 12 12:24:16 +0000 2026,0,x gua kenapa gabisa munculin foto dah padahal gua mau baca kasus fh ui itu,2043304191838638400,,,in,,0,0,0,https://x.com/undefined/status/2043304191838638400,1843551009811116034,
2043294411875139611,Sun Apr 12 11:45:25 +0000 2026,0,ngeliat kasus fh ui ngelecehin cewe2 di group chat gw jd ke trigger gitu dah karena gw dan temen gw pernah jd bahan omongan cowo2 persis sebejat itu di gc mereka,2043294411875139611,,,in,,0,1,0,https://x.com/undefined/status/2043294411875139611,1943556818971824131,
2043243683378811215,Sun Apr 12 08:23:50 +0000 2026,2,anjg itu kasus fh ui parah bgt dah masa ga di kick dr kampus,2043243683378811215,,,in,,0,2,0,https://x.com/undefined/status/2043243683378811215,1456890540952223748,
2043805870082142305,Mon Apr 13 23:58:57 +0000 2026,0,@abulmuzaffar10 Bayangin anak hukum yang seharusnya lindungi korban malah jadi pelaku kasus FH UI hari ini bikin geleng-geleng kepala https://t.co/WJIjbcIhUh,2043841400018743378,https://pbs.twimg.com/media/HF0u6xMbMAAEtYZ.jpg,abulmuzaffar10,in,,0,0,0,https://x.com/undefined/status/2043841400018743378,2037508323302404096,
2043841118249594894,Mon Apr 13 23:57:49 +0000 2026,1,Pelaku kasus FH UI ini hidup cuman sekali malah cosplay jadi tersangka,2043841118249594894,,,in,,0,0,0,https://x.com/undefined/status/2043841118249594894,86862003,
2043840590417408180,Mon Apr 13 23:55:44 +0000 2026,0,SUMPAH LG BUKA TIKTOK TERUS ADA NOTIF DR DM TIKTOK DR GRUP TKA (tai kanjut anjing) PDHL GW LG NUNJUKIN VIDEO KASUS FH UI KE BAPAK GWWWW ANJJJJJ GMNDONG,2043840590417408180,,,in,,0,2,0,https://x.com/undefined/status/2043840590417408180,1374711024943726600,
2043840331784040567,Mon Apr 13 23:54:42 +0000 2026,0,no offense tapi menurutku penanganan kasus fh ui ini cukup bagus yaa beneran di dudukin sampe tengah malam trus di hadirin massa beda ama kampus top sumatera kmrn juga ada kejadian sama kayak gini itu juga pelecehannya dari grup chat wa si korban udh up ke x tapi malah si,2043840331784040567,,,in,,0,0,0,https://x.com/undefined/status/2043840331784040567,2021951913965891587,
2043839910311006599,Mon Apr 13 23:53:01 +0000 2026,6,Jadi endingnya dari kasus fh ui apa gaes?,2043839910311006599,,,in,,0,7,0,https://x.com/undefined/status/2043839910311006599,3471463034,
2043839409595031579,Mon Apr 13 23:51:02 +0000 2026,0,Wow serem bgt kasus fh ui ini anjirr isi tl gw itu semua,2043839409595031579,,,in,,0,0,0,https://x.com/undefined/status/2043839409595031579,1485982898574741505,
2043838863291121719,Mon Apr 13 23:48:52 +0000 2026,86,Semalem nonton Live kasus FH UI Salah satu yang paling sedih pas Ibu dosen ini ngomong kalo nama nya juga di ada di grup itu. https://t.co/RrHXVG0Ct9,2043838863291121719,https://pbs.twimg.com/media/HF0sm8pbwAAiafL.jpg,,in,,0,7,16,https://x.com/undefined/status/2043838863291121719,1327080463362453507,
2043838769770684586,Mon Apr 13 23:48:30 +0000 2026,5,tau ga apa yg makin bikin miris dari kasus fh ui ini? theyre supposed to be part of the future law enforcement. fucking LAW ENFORCEMENT. ini pun yg ketauan blm yg masih senyap.,2043838769770684586,,,in,,0,0,0,https://x.com/undefined/status/2043838769770684586,1857977363725955077,
2043837854871367840,Mon Apr 13 23:44:51 +0000 2026,0,kayanya selain kasus fh ui ada lagi deh yang sama kasusnya tapi ga serame itu...,2043837854871367840,,,in,,0,0,0,https://x.com/undefined/status/2043837854871367840,1650147490308706304,
2043837825699959162,Mon Apr 13 23:44:44 +0000 2026,1,pagi masih ngantuk semalam mantengin kasus fh ui dan hari ini jam 10 harus cus UAS,2043837825699959162,,,in,,0,0,0,https://x.com/undefined/status/2043837825699959162,1402113162036408325,
2043837735958700430,Mon Apr 13 23:44:23 +0000 2026,1,gila anjierr kasus fh ui itu,2043837735958700430,,,in,,0,5,0,https://x.com/undefined/status/2043837735958700430,2032944407088160768,
2043836899425656940,Mon Apr 13 23:41:04 +0000 2026,0,jujur kasus fh ui ini triggering bgt buat gw,2043836899425656940,,,in,,0,0,0,https://x.com/undefined/status/2043836899425656940,884248555870797824,
2043836812804944376,Mon Apr 13 23:40:43 +0000 2026,1,kasus fh ui ini dampaknya beneran besar banget loh sumpah pasti banyak mahasiswi di sana ngerasa jadi gak punya safe place dan pelakunya pun tokoh yang jadi 'sandaran' banyak peran mahasiswa... bejat banget.,2043836812804944376,,,in,,0,0,0,https://x.com/undefined/status/2043836812804944376,1221874100403982336,
2043758702759686472,Mon Apr 13 23:39:16 +0000 2026,0,@imprinccss kasus fh ui itu ,2043836446780600640,,imprinccss,in,,0,0,0,https://x.com/undefined/status/2043836446780600640,1203490544208375809,
2043835577506869473,Mon Apr 13 23:35:48 +0000 2026,0,Gila itu yg kasus FH UI semalem gw nonton livenya anjir pada bisu ngang ngong semua apasi mana g bersalah banget muka pelakunya fak,2043835577506869473,,,in,,0,0,0,https://x.com/undefined/status/2043835577506869473,1079568204454801408,
2043835325701861578,Mon Apr 13 23:34:48 +0000 2026,0,pening pala gw baca kasus fh ui ini kok bisa ada manusia sampah begitu,2043835325701861578,,,in,,0,0,0,https://x.com/undefined/status/2043835325701861578,1057590746365157376,
2043834589790302561,Mon Apr 13 23:31:53 +0000 2026,0,triggering bgt kasus fh ui,2043834589790302561,,,in,,0,1,0,https://x.com/undefined/status/2043834589790302561,1850566579731484672,
2043834588955660600,Mon Apr 13 23:31:53 +0000 2026,6,Dalam kasus FH UI minta tolong seluruh para hrd advokat hakim atau jaksa jangan sampe ke pelaku KS jadi karyawan atau otoritas hukum (jaksa hakim atau advokat). Para sakit jiwa!,2043834588955660600,,,in,,0,0,0,https://x.com/undefined/status/2043834588955660600,1252088505024430081,
2043833524344762673,Mon Apr 13 23:27:39 +0000 2026,4,There is so many things yang sangat aku sayangkan dari kasus fh ui ini salah satunya adalah fakta bahwa HAL tersebut dianggap sebagai CANDAAN TONGKRONGAN dan itu NORMAL.,2043833524344762673,,,in,,0,1,0,https://x.com/undefined/status/2043833524344762673,1553050386415910912,
2044202549730070882,Tue Apr 14 23:54:01 +0000 2026,2,plot twist yg gw temuin sejauh ini di kasus fh ui : 1. yg nyebarin ss chat adlh salah satu pelaku bkn krna niat yg luhur tp krna ketauan pacarnya 2. org yg siarin live yg kita tonton dlm kasus ini mlh jdi pelaku KS jg terhadap dosen nya orang orang kok pd bejat bgt sih heran,2044202549730070882,,,in,,0,0,0,https://x.com/undefined/status/2044202549730070882,1987530712371937280,
2044202521762451946,Tue Apr 14 23:53:55 +0000 2026,0,Gw pusing bgt jujur kalo di x ini cepet bgt berubah arusnya kaya dari kasus FH UI tuh bukan fokus ke casenya tp belok ke perang genderlah sama perang yg homo + heterolah. Gampang bet dibelokinnye,2044202521762451946,,,in,,0,0,0,https://x.com/undefined/status/2044202521762451946,1265233904207683588,
2044201123104600369,Tue Apr 14 23:48:21 +0000 2026,1,tanpa gw sadari kasus FH UI juga pernah ada di sekitar gw dan itu bener bener bikin MUAK,2044201123104600369,,,in,,0,0,0,https://x.com/undefined/status/2044201123104600369,1891790091456217092,
2043893606822580656,Tue Apr 14 23:37:29 +0000 2026,0,@za_ka Tanpa diungkap ke publik pikiran &amp; fantasi gak bisa disentuh hukum. Siapa yg bisa menghakimi kalo saat HS pasutri justru membayangkan bersetubuh dg orang lain? Problemnya kasus FH UI udah jadi konsumsi publik. Objek ngerasa dilecehin. Tpi bkn berarti pelaku dihakimi begitu.,2044198389009789057,,za_ka,in,,0,0,0,https://x.com/undefined/status/2044198389009789057,793533066480324608,
2043762015299371400,Tue Apr 14 23:28:21 +0000 2026,4,@kyutbrahhu oh ini yang nyebarin kasus fh ui ini (tukang cepu) MALAH BAGUS AJIGG kita nya jadi tau tingkah busuk mereka mba tu orang kalau ga ketahuan sama ceweknya juga mah bisa jadi masih berlanjut mereka di dalam grub chat itu berterima kasihlah sama ceweknya karena girl suport girl. https://t.co/PvzvsePJ4J,2044196086718541987,https://pbs.twimg.com/media/HF5xgfyasAEY_t3.jpg,kyutbrahhu,in,,0,0,0,https://x.com/undefined/status/2044196086718541987,2022121340762013696,
2044194427519021063,Tue Apr 14 23:21:45 +0000 2026,0,semalem call sama cowoku dia minta diceritain kronologi kasus fh ui selengkap²nya. dia sebagai pendengar marah² aku sebagai pembawa ceritanya nahan nangis,2044194427519021063,,,in,,0,1,0,https://x.com/undefined/status/2044194427519021063,1282933848657948677,
2044192099755770106,Tue Apr 14 23:21:12 +0000 2026,8,Stop ngangkat orang yang salah juga Yang nyiarin kasus fh ui kemarin malah disanjung2 didoain ini itu Gampang banget jadiin orang sebagai pahlawan buset Berterimakasih sih berterimakasih tapi gausah dilebihin Fokus ke kasus sama perjuangin keadilan buat korban,2044194289245401263,,MorganKatalia,in,,0,0,0,https://x.com/undefined/status/2044194289245401263,1304262793483304961,
2044194272732463606,Tue Apr 14 23:21:08 +0000 2026,0,gara gara kasus fh ui ini hal hal brengsek yg lainnya juga akhirnya kebongkar ya..,2044194272732463606,,,in,,0,0,0,https://x.com/undefined/status/2044194272732463606,1741781026358403073,
2044193673471287471,Tue Apr 14 23:18:45 +0000 2026,0,gara-gara kasus FH UI jadi banyak yang naik juga kasus lain. That's good! Jangan sampe orang-orang menjijikan itu hidup tenang. Let them face the consequences of their own actions. Don't let them silence you ‍,2044193673471287471,,,in,,0,0,0,https://x.com/undefined/status/2044193673471287471,1321487698520010752,
2043876963216171282,Tue Apr 14 23:15:28 +0000 2026,0,@citarasalokal @stafsusthe2 tinggal dibedah siapa yang dirugikan kasus FH UI jelas korban di lingkungan kampus dan dekat jelas siapa yang dirugikan. perihal libido grup grup itu tinggal buka bedah. kiranya begitu.,2044192846480322712,,citarasalokal,in,,0,1,0,https://x.com/undefined/status/2044192846480322712,3780224113,
2044191188140601366,Tue Apr 14 23:08:53 +0000 2026,0,menurut gua dari kasus fh ui dan dikidoy ini ada 2 kesimpulan kalau u merasa itu hal normal it's mean lingkungan u emg begitu and u lowkey are part of it ‍️. kalau u merasa sebaliknya congrats lingkungan dan moralnya masih waras,2044191188140601366,,,in,,0,0,0,https://x.com/undefined/status/2044191188140601366,1492130476731301890,
2044187623967908243,Tue Apr 14 23:06:05 +0000 2026,1,minta maaf cm untuk jaga image dan formalitas tp ga bener2 berhenti dan bahkan masih bs becandain lagi hal ini stlh kasus fh ui.. wtf is wrong with u guys? i hope someone would do me a favor untuk potong aja testis mrk ajg biar tau rasa,2044190486169301418,,arashit3ru,in,,0,0,0,https://x.com/undefined/status/2044190486169301418,1609591917351927811,
2044188791938875844,Tue Apr 14 22:59:22 +0000 2026,1,dalam kasus FH UI menurutku whistleblower nya adalah PACAR dari orang yang ada di group chat. kenapa bukan cowoknya? karena cowoknya ikut melakukan ks dalam grup tsb. walaupun dia gaikut nimbrung tapi dia melakukan pembiaran.,2044188796691066930,,adorethetree,in,,0,1,0,https://x.com/undefined/status/2044188796691066930,2022450915253587977,
2044184160198373684,Tue Apr 14 22:40:57 +0000 2026,0,Lg burn out bgt terus buka X malah makin burn out Embege yang ada aja berita absurdnya kasus FH UI dan sekarang makin banyak kasus lainnya belum Amerika yang makin seenaknya aja ke Indonesia (ykwim) belum KPop yang ada aja beritanya pusing....,2044184160198373684,,,in,,0,1,0,https://x.com/undefined/status/2044184160198373684,1582891987778555905,
2044179040605741190,Tue Apr 14 22:30:12 +0000 2026,0,Sebenarnya ada juga cewe2 yg punya sirkel yg omongannya 11 12 ma grup chat anak FH UI ini. Belum ketauan aja. Intinya jgn hanya karena kasus ini malah jadi perang gender. Ntar malah pada lupa kasus aslinya. Kasus FH UI ini yg butuh terus pengawalan. Jgn kedistrak ya netijen.,2044181454624829725,,sssmtshk,in,,0,1,0,https://x.com/undefined/status/2044181454624829725,1675796975827161089,
2044179843286466958,Tue Apr 14 22:23:48 +0000 2026,0,kasus fh ui bnrbnr mengingatkan gua ke beberapa orang (mereka juga begitu btw) :),2044179843286466958,,,in,,0,0,0,https://x.com/undefined/status/2044179843286466958,1520432548433719297,
2044176048179556664,Tue Apr 14 22:08:43 +0000 2026,0,Gregetan bgt soalnya ditambah ada kasus FH UI trs si mokondo ini malah ngerendahin perempuan,2044176048179556664,,,in,,0,0,0,https://x.com/undefined/status/2044176048179556664,4807033092,
2044067804861870241,Tue Apr 14 22:05:07 +0000 2026,0,@eunwoocwa yg live kasus fh ui di tiktok,2044175143048753283,,eunwoocwa,in,,0,0,0,https://x.com/undefined/status/2044175143048753283,1551578413752012801,
2044164812058558710,Tue Apr 14 21:24:04 +0000 2026,0,ngeliatin kasus fh ui terus dikidoy awek awek lucu sekali wkwkwk,2044164812058558710,,,in,,0,1,0,https://x.com/undefined/status/2044164812058558710,1844965023518781441,
2044159073608941658,Tue Apr 14 21:01:16 +0000 2026,3,fokus gua jdi kebelah dua nih antara update tentang kasus fh ui sm belajar utbk,2044159073608941658,,,in,,0,0,0,https://x.com/undefined/status/2044159073608941658,2002529312000651266,
2044566425214554327,Wed Apr 15 23:59:56 +0000 2026,0,disinggung pola asuh orang tua kok ga terima. pemikiran manusia dipengaruhi lingkungannya dan lingkungan pertama itu keluarga. dari kasus fh ui kemarin bisa dilihat orang tuanya lengkap tapi tidak bertanggung jawab mendidik anaknya dan tidak paham parenting.,2044566425214554327,,,in,,1,0,0,https://x.com/undefined/status/2044566425214554327,757032655380553730,
2044563390929244406,Wed Apr 15 23:47:53 +0000 2026,0,Cowok yang nge defend pelecehan kasus FH UI dengan alibi locker room talk Adalah cowok yang sama yang bakal takut kalo nama mereka muncul di grup gay Indo dan di lecehin disana oof who said that,2044563390929244406,,,in,,0,0,0,https://x.com/undefined/status/2044563390929244406,1599734000464994304,
2044259195432907038,Wed Apr 15 23:31:32 +0000 2026,1,@uibaseNG Jujur ya banyak kasus yg tenggelam gara gara kasus FH UI. Bukan berarti bela pelaku tp banyak yang sekalian menunggangi isu ini untuk kepentingan mereka,2044559279211090077,,uibaseNG,in,,0,0,0,https://x.com/undefined/status/2044559279211090077,1096330224155774976,
2044358193376358597,Wed Apr 15 23:29:06 +0000 2026,0,@MiskinTV_ Namanya juga kaum betina rahim anget / feminis pas kasus FH UI itu pada koar Tapi pas yg difoto itu pasti nanti alesannya bercandaan / alesan bodoh lainnya,2044558666129674647,,MiskinTV_,in,,0,0,0,https://x.com/undefined/status/2044558666129674647,154769273,
2044269007923012024,Wed Apr 15 23:28:30 +0000 2026,1,@MarujangUj37869 @sparklesyoshi @tanyarlfes Lu dongo apa gimane sih cewe kalau gossip ga pernah sampe ke ranah seksual jing kalau kasus FH UI ini udah parah bgst bahkan dosen aja mereka ngomongin jorok kayak gitu?? This is why men shouldn't exist otaknya setengah semua,2044558512920145978,,MarujangUj37869,in,,0,1,0,https://x.com/undefined/status/2044558512920145978,1331943279659663362,
2044358193376358597,Wed Apr 15 23:02:25 +0000 2026,0,@oldsport954183 @Mahswraa @dream_acv @MiskinTV_ lu dengan ngetik gini aja udah buat streotype kalo semua cowo berarti bejat padahal pada akhirnya juga cewe cowo semua sama aja kalo bejat ya bejat engga ya engga. semua orang harus hati hati milih teman/pasangan. kasus fh ui yang harus di up bukan gender war nya.,2044551951074136171,,oldsport954183,in,,0,1,0,https://x.com/undefined/status/2044551951074136171,1204540041793458177,
2044547570824032481,Wed Apr 15 22:45:01 +0000 2026,0,Setelah Kasus FH UI Kini Lagu HMT ITB Viral karena Lirik Vulgar https://t.co/BJgRgwiNqP,2044547570824032481,,,in,,0,0,0,https://x.com/undefined/status/2044547570824032481,817669043792420864,
2044253079734976860,Wed Apr 15 22:43:02 +0000 2026,0,@opojare9 @opojare9 bro lo lagi campur aduk konteksnya. Di kasus FH UI (grup chat 16 cowok angkatan 2023) ini BUKAN cuma obrolan privat 1-1 sambil nonton TV dangdut kayak contoh lo. Mereka bikin GRUP CHAT khusus (yg awalnya kos-kosan terus melebar) isinya komentar mesum +,2044547070472949936,,opojare9,in,,0,0,0,https://x.com/undefined/status/2044547070472949936,1389727447579385856,
2044543538944504039,Wed Apr 15 22:29:00 +0000 2026,2,Wkwk kasus fh ui ini kena apes ajasih. Pdhl grup chat cewe2 juga banyak. Ga ketahuan aja. kalo semua grup chat privat disebarin bisa-bisa mahasiswa-mahasiswi seluruh indo di DO. lagian itu kan cuma horny talk aja bukan tindakan. siapa sih di dunia ini yang gak pernah horny?,2044543538944504039,,,in,,0,0,0,https://x.com/undefined/status/2044543538944504039,1980877116154736644,
2044542808380608819,Wed Apr 15 22:26:05 +0000 2026,0,Wkwk kasus fh ui ini kena apes ajasih. Pdhl grup chat cewe2 juga banyak. Ga ketahuan aja. kalo semua grup chat privat disebarin bisa-bisa mahasiswa-mahasiswi seluruh indo di DO. lagian itu kan cuma horny talk aja bukan tindakan. siapa sih di dunia ini yang gak pernah horny?,2044542808380608819,,,in,,0,0,0,https://x.com/undefined/status/2044542808380608819,1980877116154736644,
2044358193376358597,Wed Apr 15 22:24:54 +0000 2026,0,@imaaluvcutegirl @MiskinTV_ @Fauzanamien Wkwk kasus fh ui ini kena apes ajasih. Pdhl grup chat cewe2 juga banyak. Ga ketahuan aja. kalo semua grup chat privat disebarin bisa-bisa mahasiswa-mahasiswi seluruh indo di DO. lagian itu kan cuma horny talk aja bukan tindakan. siapa sih di dunia ini yang gak pernah horny?,2044542507137307000,,imaaluvcutegirl,in,,0,0,0,https://x.com/undefined/status/2044542507137307000,1980877116154736644,
2044537941255721455,Wed Apr 15 22:06:45 +0000 2026,3,Girl from nowhere the reset ep 7 inspired by kasus fh ui amin wkwk biar jera sekalian,2044537941255721455,,,in,,0,1,2,https://x.com/undefined/status/2044537941255721455,1652919783472648192,
2044513804751671385,Wed Apr 15 20:30:51 +0000 2026,0,kasus fh ui ini bisa jadi yurisprudensi untuk pengungkapan kasus² ks lainnya tapi jg bisa menjadi bumerang ke kita perlunya revisi KUHAP menjadi sgt penting terkait sampai mana negara bisa mengintervensi ranah privat masyarakat,2044513807582826953,,kuaingg,in,,0,0,0,https://x.com/undefined/status/2044513807582826953,883238837383712770,
2044490136583590343,Wed Apr 15 18:56:48 +0000 2026,4,soalnya ada orang thailand yang bikin vt soal ini makanya kasus fh ui ini jadi viral juga di sana tapi yang begini emang harus rame dulu kemana mana biar hukum sosialnya kerasa sama pelaku,2044490136583590343,,,in,,0,0,0,https://x.com/undefined/status/2044490136583590343,1765419568443621377,
2044474755965980940,Wed Apr 15 17:55:40 +0000 2026,1,Ini kasus FH UI napa jadi perang gender deh?? Padahal yang melakukan KS gitu bisa cewe maupun cowo. Yang salah kelakuannya weiii,2044474755965980940,,,in,,0,0,0,https://x.com/undefined/status/2044474755965980940,1253570535839068160,
2044327896336994791,Wed Apr 15 17:49:47 +0000 2026,0,@tanyakanrl Ingat kasus FH UI? Netizen jangan kasih kendor sampe ini pelaku di Purwokerto ketauan identitasnya! @Kemdiktisaintek,2044473271987671238,,tanyakanrl,in,,0,0,0,https://x.com/undefined/status/2044473271987671238,1714143380752760832,
2044005765812498492,Wed Apr 15 17:45:40 +0000 2026,1,@sibodoh2021 Nih tanpa kasus fh ui juga udh dari lama kali pemerintah bisa kek gini apakah positif atau negatif ya tergantung https://t.co/BtrgIsZMnQ,2044472238767018071,https://pbs.twimg.com/media/HF9sqQJaYAAUmnT.jpg,sibodoh2021,in,,0,0,0,https://x.com/undefined/status/2044472238767018071,1290033970139209728,
2044463806009540623,Wed Apr 15 17:33:00 +0000 2026,352,@itbfess_x poin pertama oke poin kedua sama aja lu kayak orang orang yang lebih fokus sama pelanggaran privasi di kasus fh ui kemarin kalau isi hidden galerynya melecehkan ya emang wajib dipermasalahkan ngerekam orang tanpa izin juga kejahatan btw,2044469047816032547,,itbfess_x,in,,1,2,10,https://x.com/undefined/status/2044469047816032547,985026379921047557,
2044386377630896465,Wed Apr 15 17:30:43 +0000 2026,5,@fess10nopember Klo mau mncri keadilan spill aja smua share smua buktinya. Klo cmn bgini mah cri sensasi doang namnya pdhl bisa dipake hypenya kasus fh ui buat cari keadilan. Mengecewakan,2044468475129958767,,fess10nopember,in,,0,0,0,https://x.com/undefined/status/2044468475129958767,1212369628598427654,
2044902674504790496,Thu Apr 16 22:16:04 +0000 2026,0,kasus FH UI itu baru grup yg ketauan aja guys masih ada grup grup kayak gitu diluar sana. #stayaway,2044902674504790496,,,in,,0,1,0,https://x.com/undefined/status/2044902674504790496,1442778056079200258,
2044868116455522757,Thu Apr 16 21:57:32 +0000 2026,0,@TiraDrains kak. bahas di luar bdsm(?) soal kasus fh ui tanggapan kaka gimana????,2044898008882729233,,TiraDrains,in,,0,0,0,https://x.com/undefined/status/2044898008882729233,1910286899790630912,
2044845372015817211,Thu Apr 16 18:28:22 +0000 2026,0,grgr viralnya kasus fh ui ini aku jd keinget kasus aksena,2044845372015817211,,,in,,0,0,0,https://x.com/undefined/status/2044845372015817211,262410958,
2044832842660933716,Thu Apr 16 17:38:35 +0000 2026,2,SEKALI LAGI GUE LIAT COWO NGEDEFEND KASUS FH UI GUE DOAIN MEREKA JATUH MISKIN JADI ODGJ AJA LAH SANA TOLOL HERAN BANGET PELAKU BEJAT KAYA GITU AJA MASIH AJA DIBELA APALAGI ORANG ODGJ PEMERINTAHAN IDIOT APA YA GUE MUAK BANGET SAMA ORANG YA GA PUNYA KEWARASAN OTAK KAYA UDAHNG CUIH,2044832842660933716,,,in,,0,0,0,https://x.com/undefined/status/2044832842660933716,1630232368958291968,
2044830663002767769,Thu Apr 16 17:29:55 +0000 2026,0,Ada diskusi menarik tadi di luar kantin FH UB sedikit menyinggung kasus FH UI intinya jangan sampai perburuan pelaku KS ini sampai memburu imajinasi juga. Kalau pikiran dan imajinasi juga dianggap berbahaya ketidaksukaan terhadap negara juga akan dianggap bahaya.,2044830663002767769,,,in,,0,1,0,https://x.com/undefined/status/2044830663002767769,1073866854899212288,
2044768969408893433,Thu Apr 16 17:25:23 +0000 2026,0,@arddhe apa dah lu jelas menyebut suatu barang sebagai payudara orang itu objektifikasi lu baca ga sih full dari obrolan kasus fh ui pantes dongok,2044829522479210542,,arddhe,in,,0,1,0,https://x.com/undefined/status/2044829522479210542,1203715167520903168,
2044768969408893433,Thu Apr 16 17:10:12 +0000 2026,0,@arddhe tolol sok²an suarain enabler dan kasus fh ui kemaren padahal sendirinya ngelakuin kekerasan seksual juga udh gitu ngeles kaum tua kayak lo bebal udh dikasih tau secara definisi mending gausah munafik kalo dikoreksi dan evaluasi diri njing,2044825699899609370,,arddhe,in,,0,0,0,https://x.com/undefined/status/2044825699899609370,1203715167520903168,
2044824794848510113,Thu Apr 16 17:06:36 +0000 2026,0,Habis baca kasus FH UI. Isi chat nya kok kek alter sih. Pada ga beres,2044824794848510113,,,in,,0,0,0,https://x.com/undefined/status/2044824794848510113,793848505194442754,
2044823154921484296,Thu Apr 16 17:00:05 +0000 2026,36,Krn rame kasus fh ui itu sender langsung mirroring kayanya di lingkup fan-idol banyak jg yg melakukan sexualizing. Batasan sexualizing idol tuh gimana menurut kalian? Tanyarl,2044823154921484296,,,in,,4,8,1,https://x.com/undefined/status/2044823154921484296,1371650588,
2044821047812501526,Thu Apr 16 16:51:43 +0000 2026,2,at the end kasus fh ui ga bikin orang aware tapi adu ego antar gender aja. siapa si paling korban siapa si paling pelaku. apalagi yg add yours protect your daughter (dicoret) educate your son benci bgt bacanya PADAHAL both of son and daughter are need it,2044821047812501526,,,in,,0,0,0,https://x.com/undefined/status/2044821047812501526,1471344053992050692,
2044819966973874617,Thu Apr 16 16:47:25 +0000 2026,0,susahnya ngelawan org yg ngerti hukum itu bisa menyepelekan hukuman buat dia sendiri. kayak kasus fh ui dan salah satu promotor yg udh nilep uang konsumen gatau kmn itu wkwkwkwk,2044819966973874617,,,in,,0,0,0,https://x.com/undefined/status/2044819966973874617,1841429617460355072,
2044786928331968990,Thu Apr 16 15:50:18 +0000 2026,0,@maudyyy1_ @yappingfess yaa.. tapi konteksnya disini adalah kasus fh ui yg ramai kemarin,2044805593328963702,,maudyyy1_,in,,0,1,0,https://x.com/undefined/status/2044805593328963702,126927715,
2044796512899858881,Thu Apr 16 15:14:13 +0000 2026,1,hahdhajhah kasus fh ui somehow bikin aku takut what if di unmul juga gitu hahshahaha it just scare the hell out of me what if aku lagi duduk manis main kucing terus ada orng duduk disampingku keliatan main hp padahal baru aja foto aku trs di kirim ke grup cabul nya hshdhejahabah,2044796512899858881,,,in,,0,0,0,https://x.com/undefined/status/2044796512899858881,1707238617024974848,
2044796474199027773,Thu Apr 16 15:14:05 +0000 2026,1,sebagai drama doang apalagi suzu emang bakal dateng ke offline event lads di malay mau nunggu mereka beneran ngelecehin suzu di sana baru speak up? too late. berharap mereka minta maaf? bullshit. liat aja kelakuan mereka skrng. di kasus fh ui itu aja minta maaf krn viral :(,2044796477126697051,,calebvoc,in,,0,1,0,https://x.com/undefined/status/2044796477126697051,1878474589413748737,
2044793502761193735,Thu Apr 16 15:02:16 +0000 2026,0,setelah liat live tiktok tentang kasus FH UI gua baru benar² sadar. lingkungan pendidikan tempat kita seharusnya menuntut ilmu seharusnya juga memberi rasa aman bagi setiap siswanya. tapi kenyataannya tidak semua sekolah mampu menghadirkan hal itu. di SMK gua dulu kami,2044793502761193735,,,in,,0,1,0,https://x.com/undefined/status/2044793502761193735,1917599353608536064,
2044792926367277281,Thu Apr 16 14:59:58 +0000 2026,0,Inshaallah berkomitmen bub mutual yang jokesnya jelek ️ Bisa-bisanya ada mutual yang jokesnya jelek padahal kasus fh ui masih anget ,2044792926367277281,,,in,,0,1,0,https://x.com/undefined/status/2044792926367277281,1487043744654237705,
2044791619799650532,Thu Apr 16 14:54:47 +0000 2026,0,Soroti Kasus FH UI Puan:Tidak Ada Toleransi Kekerasan Seksual di Lingkungan Pendidikan Tinggi https://t.co/1vB4I89o6F,2044791619799650532,,,in,,0,0,0,https://x.com/undefined/status/2044791619799650532,1999178976087146501,
2045278803916906573,Fri Apr 17 23:10:40 +0000 2026,0,damn ngedukasi orang yang pikirannya selalu di hal seperti itu susah banget anjirrr padahal gua cuma bilang kak kok kamu ngetik gitu ga inget kasus fh ui ya? habistu langsung dihapus semua chatnya wkwkw https://t.co/pxp5nedm6T,2045278803916906573,https://pbs.twimg.com/media/HGJKO7fasAAU9Nj.jpg,,in,,0,0,0,https://x.com/undefined/status/2045278803916906573,1686499458102722560,
2045251403032273296,Fri Apr 17 21:21:48 +0000 2026,0,jujur sering bgt ketrigger sm kasus fh ui :). makanya agak cemen kl ngomongin gituan karna dah sering jd korban yg diomongin ditongkrongan cowo ada bukti + saksi juga ya tp bisa apa ya?,2045251403032273296,,,in,,0,0,0,https://x.com/undefined/status/2045251403032273296,1424501317280493572,
2045184262073463131,Fri Apr 17 16:55:00 +0000 2026,0,gue agak ketinggalan kasus FH UI karena kemarin fokus ujian. lagi mau nyelem dulu deh buat liat kondisi terakhirnya,2045184262073463131,,,in,,0,0,0,https://x.com/undefined/status/2045184262073463131,1979382377802797059,
2044704219836641311,Fri Apr 17 15:58:02 +0000 2026,0,@yan_nomercy @Miffyktty wlpun konteks awal sbnrnya bkn soal kasus fh ui tp ni komen miris bgt mau grub publik atau pribadi ga wajar y ngerendahin perempuan dgn dalih bercanda mak lu cwe bkn si? miris bgt,2045169927020224836,,yan_nomercy,in,,0,0,0,https://x.com/undefined/status/2045169927020224836,1302880393972994048,
2045141707554185357,Fri Apr 17 14:05:54 +0000 2026,1,sekarang kasus FH UI hanya bertahan beberapa hari ya?,2045141707554185357,,,in,,0,0,0,https://x.com/undefined/status/2045141707554185357,1694721106001944576,
2045125301470945632,Fri Apr 17 13:00:43 +0000 2026,2,1/ Korban kasus FH UI tahu mereka dilecehkan sejak 2025. Mereka tidak langsung lapor. Sebelum bertanya kenapa? . Pertanyaan yang benar adalah: sistem apa yang membuat diam jadi pilihan paling aman? Smith &amp; Freyd menyebutnya institutional betrayal.,2045125302288871932,,ezra_putranto,in,,0,1,0,https://x.com/undefined/status/2045125302288871932,1507018886746902531,
2045122275939381525,Fri Apr 17 12:48:41 +0000 2026,0,Ya Allah bisa ga pindahin sakitnya beliau ke 16 orang kasus fh ui aja?:(,2045122275939381525,,,in,,0,0,0,https://x.com/undefined/status/2045122275939381525,1869877851635494912,
2045117751560384964,Fri Apr 17 12:30:43 +0000 2026,0,gara² kasus FH UI ada masalah dikit² langsung dibilang KS. Negara FOMO emang,2045117751560384964,,,in,,1,1,0,https://x.com/undefined/status/2045117751560384964,1693392847695962112,
2045049115567071632,Fri Apr 17 11:28:34 +0000 2026,0,@yappingfess sbnrnya balik lagi ke diri sendiri itu contohnya kasus fh ui berpendidikan tp gitu wkwk. jadi ya balik lagi ke diri sendiri nya gimana,2045102113987141716,,yappingfess,in,,0,0,0,https://x.com/undefined/status/2045102113987141716,1456204397503922185,
2045091120485679334,Fri Apr 17 10:44:53 +0000 2026,2,Setahun aku ga pernah buka mulut. Namun dg adanya kasus fh UI ak sadar semua ini perlu dijadikan pelajaran. https://t.co/LLqcyJ5B6L,2045091120485679334,,,in,,0,0,0,https://x.com/undefined/status/2045091120485679334,1569974260822843393,
2045090439439831139,Fri Apr 17 10:42:11 +0000 2026,0,Kasus fh ui itu semoga beneran dihukum seberat-beratnya please... gw stress bgt soalnya,2045090439439831139,,,in,,0,0,0,https://x.com/undefined/status/2045090439439831139,1995432811533365248,
2045089336039993592,Fri Apr 17 10:37:48 +0000 2026,0,Sok ngegas kenceng di sosmed perkara kasus FH UI serang sana sini. Ehh taunya pernah jadi pelakor. Bikin keluarga orang berantakan. Gilak!!,2045089336039993592,,,in,,0,0,0,https://x.com/undefined/status/2045089336039993592,1312837990234824704,
2045059026262561081,Fri Apr 17 10:02:43 +0000 2026,6,@yappingfess STOP. Terindikasi BuzzeRp. Akhir akhir ini banyak fess yang posting hal hal bodoh banyak isu politik hukum dan lain sebagainya bahkan kasus fh ui pun langsung lenyap gara gara banyak kiriman fess kek gini bodohnya,2045080507910885686,,yappingfess,in,,1,0,0,https://x.com/undefined/status/2045080507910885686,1021195130752008193,
2044711364971872566,Fri Apr 17 09:49:07 +0000 2026,0,@Gaaa470 Gak seimbang gitu ya jadinya? Tapi jadi pelajaran banget sih kasus FH UI ini!,2045077085291700291,,Gaaa470,in,,0,0,0,https://x.com/undefined/status/2045077085291700291,1188367040911773696,
2045070239420056036,Fri Apr 17 09:21:55 +0000 2026,0,gumsy ak kan ikut ekskul jurnalistik dan sbg #jurnalismuda ak merasa harus bahas kasus fh ui ini kan ... jdlah ak bkin 5 slide oenjelasan kasus fhui apkah hamrus ak up disini jg...? https://t.co/x6H5kbvdh7,2045070239420056036,https://pbs.twimg.com/media/HGGMi4KaYAAzI0g.jpg,,in,,0,0,0,https://x.com/undefined/status/2045070239420056036,1925548690133106688,
2044575138583355566,Fri Apr 17 07:14:18 +0000 2026,0,@varutieru And it's fucking crazier how yang di kasus fh ui victimnya ada juga ibu dan kakak sendiri,2045038123688865817,,varutieru,in,,0,0,0,https://x.com/undefined/status/2045038123688865817,1118983349756923913,
2044618642239992223,Fri Apr 17 06:55:16 +0000 2026,3,@morningcatt @krougee setuju bang they only brag abt it when woman are the victim. Padahal kasus fh ui ini bukan untuk memulai gender war. Kasus fh ui bukan karena pelakunya laki² dan korbannya perempuan tapi karena ks-nya (regardless of the gender),2045033332577329606,,morningcatt,in,,0,0,0,https://x.com/undefined/status/2045033332577329606,1800458450113351680,
2045011031400108209,Fri Apr 17 05:26:39 +0000 2026,0,pantes kasus FH UI disepelein dan banyak yang bilang LEBAY. nih liat nih orang mindset warga indo aja begini wkwkwkwn,2045011031400108209,,,in,,0,0,0,https://x.com/undefined/status/2045011031400108209,1822820518288138240,
2045008974118842451,Fri Apr 17 05:22:30 +0000 2026,0,isnt it ironic you guys posted and supported kasus FH UI di sg kalian while in your daily convo you said exactly what they said? ha ga tau malu banget yg bikin mereka beda sama kalian cuma bedanya mereka keciduk dan kalian ngga,2045009989027127489,,lemonsprinkless,in,,0,1,0,https://x.com/undefined/status/2045009989027127489,1487405322440298500,
2045518271374627000,Sun Apr 19 13:43:36 +0000 2026,5,@LebakBulusLRT @IndoAgainstLGBT Kemarin kasus fh ui yang chat doang ga nyampe sehari udah membludak om cuma ini udah mah 2 hari masih ga ada kelanjutan apa apa keknya bukti keknya banyak pelindung pelaku juga,2045860868894896543,,LebakBulusLRT,in,,0,1,1,https://x.com/undefined/status/2045860868894896543,2029171427245703169,
2045554195403813335,Sun Apr 19 07:41:27 +0000 2026,32,@epicomoment @tongkalangkang Lu membela pelaku karena pelaku punya masa depan yang cerah lu menyayangkan hal itu. Apa bedanya lu sama pembela kasus FH UI kemarin? Lu ingin melenyapkan tradisi lama ini tapi dari diri lu sendiri malah membela pelaku. Mikir.,2045769732339716553,,beyourbeeee,in,,1,0,3,https://x.com/undefined/status/2045769732339716553,1955528353039167488,
2045765639118188836,Sun Apr 19 07:25:11 +0000 2026,5410, habis kasus fh ui sekarang muncul lagi fangirling yang kok bisa sampai segininya ya itu termasuk ks ga sii? pleaseee be mindful girlss di twitter juga banyak banget yang ngetweet kea gitu padahal idolnya masi underage lohh https://t.co/NHYstFDj0O,2045765639118188836,https://pbs.twimg.com/media/HGQFAfnX0AAzCjr.jpg,,in,,482,352,571,https://x.com/undefined/status/2045765639118188836,1371650588,
2045685925985079665,Sun Apr 19 02:08:26 +0000 2026,5,Pelecehan dengan cara ngerekam si korban saat mandi dan ngintipin waktu KKN aja cuman di kasih sanksi sama kampus gua penundaan kuliah 2 semster haha gimana kasus FH UI itu ya https://t.co/PR1j60nNMB,2045685925985079665,https://pbs.twimg.com/media/HGO8gJgaEAAV1FR.jpg,,in,,0,0,0,https://x.com/undefined/status/2045685925985079665,1440294705007259662,
2045680690122133808,Sun Apr 19 01:53:54 +0000 2026,0,masih benci &amp; gedek bgt sama kasus fh ui,2045682268623282474,,mabelliana,in,,0,0,0,https://x.com/undefined/status/2045682268623282474,186459835,
2045672201266004160,Sun Apr 19 01:13:54 +0000 2026,0,ni analoginya masuk banget nih sama kasus FH UI klo orang bikin rumah bagus trus kemasukan maling apa yang disalahin yang punya rumah(?) https://t.co/Ksript4ks6,2045672201266004160,,,in,,0,0,0,https://x.com/undefined/status/2045672201266004160,1012427993128423424,
2046318959096655927,Mon Apr 20 20:03:53 +0000 2026,1,Kasus FH UI bukan cuma soal 16 orang. Ini soal budaya diam yang kita normalisasi di kampus. 63% dosen mengaku tahu ada kekerasan seksual di kampusnya tapi tidak melapor. Selama silence is golden dianggap bijak korban akan terus sendirian. #FHUI #PelecehanSeksual,2046318959096655927,,,in,,0,0,0,https://x.com/undefined/status/2046318959096655927,1890007815420620800,
2046255286026215540,Mon Apr 20 15:50:52 +0000 2026,0,tuh tuh yg kasus fh ui kmren semuanya tuh tuh,2046255286026215540,,,in,,0,0,0,https://x.com/undefined/status/2046255286026215540,2007678281819283456,
2046251870440825289,Mon Apr 20 15:37:18 +0000 2026,0,dari kasus FH UI ini gw makin benci ama beberapa org sekitar gw. Setiap gw ngomong sompral dikit (kasar or jorok) selalu dibilang over or awas diviralin . Demi Allah kalo lu pada masih ga ngerti kenapa gw kesel dgn hal ini dam perkataan kalian itu ga bener lu sakit sumpah.,2046251870440825289,,,in,,0,1,0,https://x.com/undefined/status/2046251870440825289,1487743779281182725,
2046184192615338495,Mon Apr 20 14:40:11 +0000 2026,62,@sbaoqin @K1ng_of_Peace @mukaikhlas Mereka bener2 gak paham apa salahnya jir bener2 nyari celah biar gak salah Hana emang pikirannya agak laen tapi itu termasuk dirty mind no objek di situ dia menjawab pertanyaan 'kalo dia jd laki'. Sedangkan kasus FH UI lain jir dia mengobjektifikasi temen sendiri so creepy,2046237500084224489,,sbaoqin,in,,0,1,1,https://x.com/undefined/status/2046237500084224489,1239793961297776640,
2046207002427396220,Mon Apr 20 12:39:00 +0000 2026,0,Padahal dr kasus fh ui kmrn bahas bahasan yg normal normal aja guys please.. dan ini elu and circle bego lu itu malah jadiin bercandaan di publik? https://t.co/QB0T8OwufU,2046207002427396220,https://pbs.twimg.com/media/HGWWbDiaUAAj0wK.jpg,,in,,0,0,0,https://x.com/undefined/status/2046207002427396220,3320667445,
2046205353164157367,Mon Apr 20 12:32:27 +0000 2026,0,#PahamAjaDulu kasus FH UI harus jadi momentum bagi kita semua untuk semakin menciptakan ruang aman bagi semua orang dan tegas menindak siapapun yang melakukan kekerasan. https://t.co/MLhTu6sC88,2046205353164157367,https://pbs.twimg.com/media/HGWU6_AaoAAKHaW.jpg,,in,,0,0,1,https://x.com/undefined/status/2046205353164157367,1353570546869440512,
2046204267531579443,Mon Apr 20 12:28:08 +0000 2026,2,blm ad sebulan kasus fh ui btw kmrn smpt ad my muts yg rt jokes mreka (ntah muts aku gtau kl itu jokes atau cmn ikut ramein). yeahh kaget jg pgn ku qrt tkut mreka bawa sirkel ny (awkwkwkwk ).,2046204267531579443,,,in,,0,0,0,https://x.com/undefined/status/2046204267531579443,1394653834446655492,
2046189935699628260,Mon Apr 20 11:31:11 +0000 2026,1,jdi kemaren gw ngilang buat reset penelitian gw tentang kasus fh ui dan ruang privat trus juga urusan urusan lain (yapp urusan rl lah pokoknya)... trus sekarang setelah gw balik lagi dan berencana nata ulang waktu gw ternyata grup gw yang seru abies resmi tutup,2046189935699628260,,,in,,0,1,0,https://x.com/undefined/status/2046189935699628260,1417796532732977154,
2046173981410263051,Mon Apr 20 10:27:47 +0000 2026,0,hala jembut dari awal kasus fh ui dan seterusnya aja kalian buat momen itu jadiin proyeksi untuk agenda benci kepada cowok. Fokusnya jadi kabur. setiap ada kasus perempuan kena pelecehan seksual selalu berbasis gender asal ada cowo melakukan hal sama langsung kek org tolol,2046173981410263051,,,in,,0,1,0,https://x.com/undefined/status/2046173981410263051,2028108247505477632,
2044936113157218798,Mon Apr 20 08:38:53 +0000 2026,0,@gilbertkurnia1 @antibullyingad @aswatama_33 @neohistoria_id Trs (ini agak OOT) waktu kasus FH UI viral kenapa baru banyak cowok-cowok mempermasalahkan komenan vulgar cewe² di sosmed? Biar ga terjadi standar ganda atau ingin menyudutkan? Dan kalian sebagai cowo ada naruk perhatian di kasus itu dan prihatin ke korban ga sih?,2046146572703174765,,Alyh712,in,,0,0,0,https://x.com/undefined/status/2046146572703174765,1723531259413176320,
2046091656802497005,Mon Apr 20 05:00:40 +0000 2026,0,Belum lama kasus FH UI lagi-lagi kekerasan seksual di lingkungan kampus kembali jadi sorotan. Kasus di Unpad ini memicu respons cepat mahasiswa dan komitmen kampus untuk menindaklanjuti. #pelecehanseksual #sexualabuse #cybercrime #dprri #pdiperjuangan https://t.co/bfE8ZG5pPw,2046091656802497005,https://pbs.twimg.com/media/HGUtgnJbgAAnWli.jpg,,in,,0,0,0,https://x.com/undefined/status/2046091656802497005,1939294005097058304,
2045765639118188836,Mon Apr 20 02:21:31 +0000 2026,5,@tanyarlfes Yg sexualizing idol kek gitu emg dari dulu. nggak cowok aja yg cewek juga kena. Yg kek gitu banyak di X dan Tiktok mau di report pun mereka tetap buat akun baru dan lanjut lagi Maaf banget tapi kasus FH UI itu sudah banyak terjadi. Cuma ya belum keciduk aja dan nggak viral,2046051606882644298,,tanyarlfes,in,,0,0,0,https://x.com/undefined/status/2046051606882644298,1247279120007876609,
2046702693314593097,Tue Apr 21 21:28:43 +0000 2026,0,Bagi gw pelecehan verbal lebih konsisten bisa mudah dijelasin ama faktor individu dan konteks sosial macam anonimitas norma komunitas/grup (nih kasus FH UI) dan kurangnya konsekuensi dan bkn 1 variabel tunggal. Occam's razor: penjelasan plg sederhana biasanya plg masuk akal,2046702696124780710,,GraceGracelon,in,,0,1,0,https://x.com/undefined/status/2046702696124780710,1526430941362950144,
2046605624000307520,Tue Apr 21 15:02:59 +0000 2026,1,Kalau kekerasan seksual masih terjadi di ruang pendidikan berarti ada yang belum selesai dari perjuangan Kartini. Karena perjuangannya bukan cuma soal kebaya dan ucapan https://t.co/6Y814L4Bf9,2046605624000307520,,,in,,0,0,1,https://x.com/undefined/status/2046605624000307520,1251102289802100737,
2046577650324681185,Tue Apr 21 13:11:50 +0000 2026,0,Gw masuk grup cwk kelas dan isinya beneran cm bahas bokep dan lebih parah dri kasus fh ui kemarin,2046577650324681185,,,in,,0,0,0,https://x.com/undefined/status/2046577650324681185,1670025115919351808,
2046489992533614668,Tue Apr 21 12:47:48 +0000 2026,151,@SoundOfYogi @shoeujo Kasus fh ui aja kemarin masih banyak orang nyalahin boti gws deh,2046571602977124691,,SoundOfYogi,in,,1,2,11,https://x.com/undefined/status/2046571602977124691,2758625279,
2046496654485069880,Tue Apr 21 07:49:59 +0000 2026,47,pas kasus fh ui kmrn juga banyak yg ngatain 16 pelaku boti dll dan itu nunjukin bgt kalo lu ga peduli sm korbannya tapi lu cm butuh wadah buat mengutarakan kebencian padahal sbnrnya 2 premisnya ga berkorelasi. kalo kata mppi ini masuknya material fallacy,2046496654485069880,,,in,,0,1,0,https://x.com/undefined/status/2046496654485069880,1650010056015114241,
2046960171214360651,Wed Apr 22 14:31:50 +0000 2026,3,muts kasus fh ui udah ga kedengeran lagi atau aku yang kurang update deh?,2046960171214360651,,,in,,0,2,0,https://x.com/undefined/status/2046960171214360651,1623858768634335232,
2046580300436922838,Wed Apr 22 10:06:09 +0000 2026,10,@fahkta gue dari kemarin tu sllu bilang kalau ada laki-laki yg tbtb muncul pas kasus fh ui kemarin dengan membandingkan kasus tsb dengan kasus lain seolah-olah mengkerdilkan kasus fh ui itu bukan karena ingin membela kaumnya tapi kesel sama cewe-cewe karena bobrok kaum mereka ketahuan,2046893312133702088,,fahkta,in,,0,1,2,https://x.com/undefined/status/2046893312133702088,1302633516006387713,
2046880175674290660,Wed Apr 22 09:13:57 +0000 2026,5,gua punya temen dan dia barusan cerita. di sekolahnya ada satu guru yg lagi bahas kasus FH UI kmrn di depan kelas tapi gurunya ini PRO ke PELAKUNYA dan bilang klo pelakunya ga salah. dia bilang itu semua wajar karna semua manusia punya nafsu jadi itu ga salah selagi in private-,2046880175674290660,,,in,,0,19,1,https://x.com/undefined/status/2046880175674290660,1865972116929343488,
2046415908919455911,Wed Apr 22 05:32:06 +0000 2026,16,@alsjournall @yanfeissme @rahmatabdul21 kalo concern utama lo di situ ya gausah bawa2 kasus FH UI lah. pake nyambung2in ke rape culture segala blg aja lo ga nyaman baca kata2 jorok di tl. thats it,2046824346279346243,,alsjournall,in,,0,0,0,https://x.com/undefined/status/2046824346279346243,3030329158,
2046770945378205916,Wed Apr 22 02:04:24 +0000 2026,0,lagian udh jelas ini bahasan fandom malah join. ya jelas gak nyambung segala bawa2 kasus fh ui. ini tuh yg di omongin preferensi seksual dalam bacaan fiksi. ga paham knp dia ngalor ngidul sendiri,2046772073897587069,,urisaiye,in,,0,0,0,https://x.com/undefined/status/2046772073897587069,1788212568332636160,
2047817116372615566,Fri Apr 24 23:17:01 +0000 2026,0,Contoh paling kecilnya ya kasus FH UI kemaren ini versi masifnya. Dan perlu diketahui pasti masih banyak diluar sana yang mirip2 gini kalo diliat dari perkembangan sosmed di jaman sekarang,2047817116372615566,,,in,,0,1,0,https://x.com/undefined/status/2047817116372615566,1977192908366528512,
2047640072464499001,Fri Apr 24 11:33:31 +0000 2026,1,kasus fh ui gmn dah kelanjutannya,2047640072464499001,,,in,,0,1,0,https://x.com/undefined/status/2047640072464499001,1337328056751407105,
2047567903965229117,Fri Apr 24 09:05:55 +0000 2026,0,@yoyouyolike Terus dia bohong juga soal ancaman kasus FH UI itu,2047602930602443262,,yoyouyolike,in,,0,0,0,https://x.com/undefined/status/2047602930602443262,1685121978079088640,
2047557150340505674,Fri Apr 24 06:04:01 +0000 2026,12,ini lagi tolol liat dong di kasus FH UI yang wakilin mahasiswanya itu mapres cewe. malu-maluin gender sendiri hokcuh. insecure ya lu? bisanya ngebengkel doang kagak ada prestasi lain? kang bengkel di luar sana jg ngga kayak lu bgt blok.,2047557150340505674,,,in,,0,0,1,https://x.com/undefined/status/2047557150340505674,1375465704720199680,
2047510699291848775,Fri Apr 24 02:59:26 +0000 2026,1,yay kelas hari ini bahas kasus FH UI bank BNI sama yang penyiraman air keras,2047510699291848775,,,in,,0,1,1,https://x.com/undefined/status/2047510699291848775,1620282480959041536,
2048778851489300900,Mon Apr 27 14:58:37 +0000 2026,1,kelanjutan kasus fh ui itu gmn sih... apa udah di do? di tl gw gaada lewat lewat lg...,2048778851489300900,,,in,,0,0,0,https://x.com/undefined/status/2048778851489300900,1423522795028320256,
2048704144651980956,Mon Apr 27 10:01:45 +0000 2026,0,Ada update soal kasus FH UI?,2048704144651980956,,,in,,0,0,0,https://x.com/undefined/status/2048704144651980956,1664421012,
2048653242171871257,Mon Apr 27 06:39:29 +0000 2026,8,Ternyata pendidikan tinggi dan literasi tidak otomatis membuat seseorang menghormati perempuan. Lalu dunia seperti apa yang sedang disiapkan untuk anak perempuan kita? https://t.co/HNdvIaD8Tg,2048653242171871257,,,in,,0,0,6,https://x.com/undefined/status/2048653242171871257,1521159020,
2049156905961206196,Tue Apr 28 16:00:52 +0000 2026,0,oh pantes taxi ijo itu bosok kelakuannya ternyata pucuk pimpinannya betina lulusan UI pula. belum lama ini ada kasus FH UI ini lagi alumni UI bikin malu.,2049156905961206196,,,in,,0,0,0,https://x.com/undefined/status/2049156905961206196,2010961570613039104,
2049084376781398494,Tue Apr 28 11:12:40 +0000 2026,0,kasus FH UI tuh kelanjutannya gimana guyss??,2049084376781398494,,,in,,0,0,0,https://x.com/undefined/status/2049084376781398494,1464538776760369158,
2048796594032844818,Tue Apr 28 06:37:24 +0000 2026,0,@mokudaily orgil semua anjay yg berhubungan sama org bejat itu fak gila banget di tiktok banyak org indo yg support padahal kasus fh ui kemaren itu masih terbilang anget loh,2049015106777075792,,mokudaily,in,,0,0,0,https://x.com/undefined/status/2049015106777075792,1261169129760755712,
2043749337734492653,Mon Apr 13 17:55:52 +0000 2026,0,@kimmyexp Gamau min lagi kawal kasus fh ui,2043750027525534176,,kimmyexp,in,,0,0,0,https://x.com/undefined/status/2043750027525534176,1252790117804027907,
2044046073799573950,Tue Apr 14 13:32:15 +0000 2026,0,1 sisi banyak kasus ks yang lama di up lagi disisi lain hujat presiden disisi lain lagi kawal kasus fh ui ada lagi kasus ks yang baru keungkap waw what a good day as wni (anw kapan pragib beserta jajaran downfall),2044046073799573950,,,in,,0,0,0,https://x.com/undefined/status/2044046073799573950,1726272639394848768,
2043937451971096632,Tue Apr 14 06:20:37 +0000 2026,521,+Kalian percaya tidak dengan proses yang akan berjalan? - TIDAK!!! + Terus maunya apa? - DO!!! Langsung riuh sampai bapaknya harus berteriak untuk menenangkan suasana Kawal kasus FH UI ini sampai tuntas atau sampai DO? https://t.co/Sinl6IhTRR,2043937451971096632,https://pbs.twimg.com/ext_tw_video_thumb/2043936825186861056/pu/img/Ribn60p8KXW2DihZ.jpg,,in,,2,7,72,https://x.com/undefined/status/2043937451971096632,1669317272845045763,
2043870094091288687,Tue Apr 14 01:52:58 +0000 2026,0,Tolong temen2 tetap kawal kasus fh ui,2043870094091288687,,,in,,0,0,0,https://x.com/undefined/status/2043870094091288687,1668955474958635010,
2044692741322637797,Thu Apr 16 08:21:52 +0000 2026,0,KemenPPPA Kawal Kasus FH UI Singgung Efek Jangka Panjang Korban Kekerasan Seks https://t.co/i4cf8eSbnH,2044692741322637797,,,in,,0,0,0,https://x.com/undefined/status/2044692741322637797,104446991,
2043062344675397897,Sun Apr 12 23:57:28 +0000 2026,0,@sampahfhui Kualitas manusia UI kok banyak yg jelek si? Dulu tuh kesannya anak UI pinter dan wow. Byk bgt kasus aneh taunya dr UI.,2043478641951343076,,sampahfhui,in,,0,0,0,https://x.com/undefined/status/2043478641951343076,1300342784554016768,
2043062344675397897,Sun Apr 12 23:56:39 +0000 2026,0,@revol7hink @RaintRico @sampahfhui Ajahahahahah Ada aja waktu lo ladenin kepala isi kontol,2043478436082262259,,revol7hink,in,,0,1,0,https://x.com/undefined/status/2043478436082262259,272493724,
2043062344675397897,Sun Apr 12 23:55:56 +0000 2026,0,@oddlilieth @sampahfhui mayoritas pelakunya mayoritas ,2043478253256712441,,oddlilieth,in,,0,0,0,https://x.com/undefined/status/2043478253256712441,1500367464688803842,
2043062344675397897,Sun Apr 12 23:55:56 +0000 2026,0,@sampahfhui Gblk banget sejak kapan diam berarti consent? Kok bisa secabul ini masuk fh? UI? SAKIT.,2043478252518576336,,sampahfhui,in,,0,0,0,https://x.com/undefined/status/2043478252518576336,1300342784554016768,
2043062344675397897,Sun Apr 12 23:55:52 +0000 2026,1,@chilzdren @MastinSaurus @sampahfhui Ya makanya gua bilang harusnya itu grup (fhui) kaya gini aja... ,2043478236106268963,,chilzdren,in,,0,1,0,https://x.com/undefined/status/2043478236106268963,1889006213301669888,
2043062344675397897,Sun Apr 12 23:55:47 +0000 2026,0,@MastinSaurus @sampahfhui tongkrongan pemerkosa kah?,2043478217881977275,,MastinSaurus,in,,0,0,0,https://x.com/undefined/status/2043478217881977275,1183300525850152961,
2043062344675397897,Sun Apr 12 23:55:16 +0000 2026,0,@bebekqaleo @sampahfhui ga punya manner samsek jijikkk semoga w dijauhkan dari orang orang begini,2043478085190996194,,bebekqaleo,in,,0,0,0,https://x.com/undefined/status/2043478085190996194,1669486628577103872,
2043062344675397897,Sun Apr 12 23:54:53 +0000 2026,1,@Skuttas69 @sampahfhui Karena ga diajak Ini dia spill temen2nya pasti ngeh siapa terus dosa nya di spill balik Ada2 aja bocah tanggung,2043477991771324633,,Skuttas69,in,,0,1,0,https://x.com/undefined/status/2043477991771324633,272493724,
2043062344675397897,Sun Apr 12 23:53:43 +0000 2026,0,@bebekqaleo @sampahfhui @fpciui kirain grup chat gua,2043477694927745177,,bebekqaleo,in,,0,0,0,https://x.com/undefined/status/2043477694927745177,1611906182,
2043062344675397897,Sun Apr 12 23:52:30 +0000 2026,0,@sampahfhui Diam berarti consent ????,2043477390551351421,,sampahfhui,in,,0,0,0,https://x.com/undefined/status/2043477390551351421,1811080060969046016,
2043062344675397897,Sun Apr 12 23:52:13 +0000 2026,0,@sampahfhui Najis bgt..,2043477317775999034,,sampahfhui,in,,0,0,0,https://x.com/undefined/status/2043477317775999034,1811080060969046016,
2043062344675397897,Sun Apr 12 23:51:53 +0000 2026,4,@MastinSaurus @sampahfhui sekosong kosongnya otak Patrick Star lebih kosongan otak lu kayanya,2043477237278941610,,MastinSaurus,in,,0,0,0,https://x.com/undefined/status/2043477237278941610,1931450073780817920,
2043062344675397897,Sun Apr 12 23:50:41 +0000 2026,3,@tjok_aps @DennySeggssegar @sampahfhui Pendapat yg bagus namun bodoh https://t.co/znE51dVwrR,2043476934785675644,https://pbs.twimg.com/tweet_video_thumb/HFvjb_OaQAAVkF4.jpg,tjok_aps,in,,0,2,0,https://x.com/undefined/status/2043476934785675644,272493724,
2043062344675397897,Sun Apr 12 23:49:48 +0000 2026,0,@oddlilieth @sampahfhui Mampus tuh org,2043476711933948172,,oddlilieth,in,,0,0,0,https://x.com/undefined/status/2043476711933948172,1666012209888251913,
2043062344675397897,Sun Apr 12 23:49:39 +0000 2026,243,@sampahfhui Fakta bahwa mereka akan tenang2 aja di masa depan krn mungkin di back up keluarga dan mungkin akan jadi org berpengaruh di masa depan lagi-lagi karena keluarganya,2043476671085629508,,sampahfhui,in,,0,2,3,https://x.com/undefined/status/2043476671085629508,1942981562125193216,
2043062344675397897,Sun Apr 12 23:47:59 +0000 2026,0,@bebekqaleo @txtdrstoryWA @sampahfhui jadi sarjana hukum paling mentok admin LBH mereka ini,2043476254557667817,,bebekqaleo,in,,0,0,0,https://x.com/undefined/status/2043476254557667817,1221350778704580609,
2043062344675397897,Sun Apr 12 23:47:48 +0000 2026,0,@bebekqaleo @sampahfhui anj muka sm kelakuan sm sm jelekkk,2043476208235790409,,bebekqaleo,in,,0,0,0,https://x.com/undefined/status/2043476208235790409,1217958357329334272,
2043062344675397897,Sun Apr 12 23:47:30 +0000 2026,9,@dweznu @bebekqaleo @sampahfhui @fpciui bener salah satunya adalah grup cowo yg pada saat itu masih pacar aku dan yang dibahas adalah akuu memang kebanyakan cowo seperti ini,2043476131152801942,,dweznu,in,,0,0,1,https://x.com/undefined/status/2043476131152801942,1196329868645953536,
2043062344675397897,Mon Apr 13 23:59:46 +0000 2026,0,@sampahfhui kyk gini sih hukuman paling beratnya kena sanksi sosial cancel culture dan normalisasi untuk ga memaklumi atau lupain kesalahan. kalo lewat hukum formal sih ga mempan kan tumpul ke atas. mereka anak2 priviledge.,2043841607963988344,,sampahfhui,in,,0,0,0,https://x.com/undefined/status/2043841607963988344,1664692459,
2043597906603565182,Mon Apr 13 23:59:39 +0000 2026,0,@RumiJalaludiin @tesvsyy @persephoeus @sampahfhui @HukumUI Ilang akunnya wkwk,2043841578083758444,,RumiJalaludiin,in,,0,0,0,https://x.com/undefined/status/2043841578083758444,1152588143113019393,
2043062344675397897,Mon Apr 13 23:59:20 +0000 2026,0,@MastinSaurus @sampahfhui Opini tolol,2043841496357687391,,MastinSaurus,tl,,0,0,0,https://x.com/undefined/status/2043841496357687391,1393474154804830216,
2043062344675397897,Mon Apr 13 23:58:37 +0000 2026,0,@MastinSaurus @sampahfhui eh sumpah belah deh kepala lu dan keluarin otak yang ada di tempurung lu itu ga guna,2043841319332974949,,MastinSaurus,in,,0,0,0,https://x.com/undefined/status/2043841319332974949,616881497,
2043062344675397897,Mon Apr 13 23:58:31 +0000 2026,4,@MastinSaurus @sampahfhui Bunda bunda peran ortu penting bgt buat kesehatan mental dan perkembangan otak anak. Ini udh level NPD yg udh wadudaw bgt otaknya. Awasin anak kalian agar tidak terpapar pemikiran cabul seperti ini,2043841291595985355,,MastinSaurus,in,,0,0,0,https://x.com/undefined/status/2043841291595985355,1980172795914170368,
2043597906603565182,Mon Apr 13 23:58:23 +0000 2026,0,@tesvsyy @sampahfhui @HukumUI Udah tabiat kalau sekeluarga makan duit haram anak cucu jugaa kelakuan sama kek dajjal,2043841258674942154,,tesvsyy,in,,0,0,0,https://x.com/undefined/status/2043841258674942154,2826512419,
2043062344675397897,Mon Apr 13 23:58:22 +0000 2026,0,@MastinSaurus @sampahfhui Kamu org dongo ya gws semoga cepat waras jangan lupa berobat ya broh,2043841252777754848,,MastinSaurus,in,,0,0,0,https://x.com/undefined/status/2043841252777754848,315022494,
2043062344675397897,Mon Apr 13 23:57:57 +0000 2026,7,@sampahfhui Calon penegak hukum aja TOLOL pantes hukum di indo selalu tumpul dan mudah untuk di KKN mahasiswa dari KAMPUS TERNAMA tapi kelakuan kaya TAI,2043841150990369227,,sampahfhui,in,,0,0,1,https://x.com/undefined/status/2043841150990369227,2826512419,
2043062344675397897,Mon Apr 13 23:57:53 +0000 2026,0,@yvesauvaged @ppksui @sampahfhui Pelecehan verbal apa sih goblok kalo cewenya aja gatau ada grup? Gara2 grupnya DISEBAR justru jadi tau. Goblok bgt otak tai,2043841133025915302,,yvesauvaged,in,,0,0,0,https://x.com/undefined/status/2043841133025915302,1385709800130945027,
2043062344675397897,Mon Apr 13 23:57:45 +0000 2026,0,@MastinSaurus @sampahfhui lu tolol apa bego sih anj itu udh masuk ke pelecehan verbal jadi org otak jgn di dengkul liat kaya beginian malah di dukung,2043841098364399695,,MastinSaurus,in,,0,0,0,https://x.com/undefined/status/2043841098364399695,1640294354316296193,
2043062344675397897,Mon Apr 13 23:57:40 +0000 2026,0,@wroofwoof @MastinSaurus @sampahfhui Ayo kak semangat lagi ngetiknya ,2043841079544557643,,wroofwoof,in,,0,0,0,https://x.com/undefined/status/2043841079544557643,1540809744847634432,
2043062344675397897,Mon Apr 13 23:57:39 +0000 2026,0,@sampahfhui apa bedanya elo semua dengan grup tele yg ngelecehin keluarganya sendiri itu sama sama ga punya otak.,2043841075425751254,,sampahfhui,in,,0,0,0,https://x.com/undefined/status/2043841075425751254,1825431129681453056,
2043720262638784863,Mon Apr 13 23:57:35 +0000 2026,140,@screamerdiva @sampahfhui pantes aja anaknya rusak begini lahir dri ibu otak begini seakan2 masalah kaya gini kecil buat siibu coba dah bu lu mau ga dijadiin objektivitas seksual?? atau kalo lu punya anak cewe digituin? goblok bgt anjir sekelas orang berpendidikan kaya gini ngetik kaya ga pernah sekolah!,2043841057415409783,,screamerdiva,in,,0,0,0,https://x.com/undefined/status/2043841057415409783,1995147027626561536,
2043597906603565182,Mon Apr 13 23:57:27 +0000 2026,0,@tesvsyy @sampahfhui @HukumUI ternyata sekeluarga SAKIT ya UI UI lu bobrok banget dalemnya astaga,2043841022397198459,,tesvsyy,in,,0,0,0,https://x.com/undefined/status/2043841022397198459,924074115903791105,
2043597906603565182,Mon Apr 13 23:57:20 +0000 2026,2,@irhan_my @tesvsyy @sampahfhui @HukumUI Yes betul ka ga aneh klo di indon yg nerusin kerja di PA PN dll rata2 org titipan dan berduit buka mendulukan yg ahlinya.,2043840992961540455,,irhan_my,in,,0,0,0,https://x.com/undefined/status/2043840992961540455,1959701720537452544,
2043529234157813983,Mon Apr 13 23:56:48 +0000 2026,2,@manisfir @direktoridosen @sampahfhui @BudiBukanIntel @AzzamIzzulhaq @barcastuff_idn @FandomID_ @perum_damri Emak lu bini lu adik cewek lu atau mngkn nanti anak cewek lu dilecehin lewat kata2 lu pasti cm cengengesan...sejenis anjing kek nya lu nih...oh atau msh bocil dongo....‍️,2043840861428167017,,manisfir,in,,0,0,0,https://x.com/undefined/status/2043840861428167017,1789875291319615488,
2043062344675397897,Mon Apr 13 23:56:47 +0000 2026,0,@teudoongfairy @sampahfhui Main manager2an/direktur2an mulu organisasi kampus. Kenapa gak yg umum aja deh ketua divisi/kepala bagian ketua departemen,2043840856227229974,,teudoongfairy,in,,1,0,0,https://x.com/undefined/status/2043840856227229974,884394151525064704,
2043062344675397897,Mon Apr 13 23:56:43 +0000 2026,0,@sangyeonmeong @bebekqaleo @sampahfhui Pelaku 16 orng ?,2043840837965213855,,sangyeonmeong,in,,0,0,0,https://x.com/undefined/status/2043840837965213855,591896816,
2043720262638784863,Mon Apr 13 23:56:22 +0000 2026,0,@screamerdiva @sampahfhui pantesan anaknya omes ,2043840752523063659,,screamerdiva,in,,0,0,0,https://x.com/undefined/status/2043840752523063659,924074115903791105,
2043062344675397897,Mon Apr 13 23:56:19 +0000 2026,1,@sampahfhui miris banget padahal mereka ini calon penegak hukum lohh harusnya mereka paling paham soal etika dan konsekuensi hukum. dan parahnya mereka malah normalisasiin pelecehan wkwkwk. ini kesannya mereka kayak belajar hukum biar terhindar dari hukum itu sendiri SICK.,2043840740321833157,,sampahfhui,in,,0,0,0,https://x.com/undefined/status/2043840740321833157,1794201768114659328,
2043720262638784863,Tue Apr 14 23:59:20 +0000 2026,0,@screamerdiva @jwalikancupank @sampahfhui notaris doang otak gadipake,2044203884693119303,,screamerdiva,in,,0,0,0,https://x.com/undefined/status/2044203884693119303,1743539264032591872,
2043529234157813983,Tue Apr 14 23:57:46 +0000 2026,0,@Nazumu_4 @direktoridosen @sampahfhui @BudiBukanIntel @AzzamIzzulhaq @barcastuff_idn @FandomID_ @iPopBase @perum_damri nah ini pertanyaan besar siapa tuh.,2044203493440008578,,Nazumu_4,in,,0,0,0,https://x.com/undefined/status/2044203493440008578,260822957,
2043062344675397897,Tue Apr 14 23:56:07 +0000 2026,1,@isontrial @sampahfhui stress emang lelaki tu pada kaya lonte,2044203076240977954,,isontrial,in,,0,0,0,https://x.com/undefined/status/2044203076240977954,1267639769497890816,
2043062344675397897,Tue Apr 14 23:54:53 +0000 2026,0,@caturprasetyoo @sampahfhui Yah diem dah ga asik ah,2044202764956512750,,nih702,in,,0,1,0,https://x.com/undefined/status/2044202764956512750,1621477822115221504,
2043062344675397897,Tue Apr 14 23:51:44 +0000 2026,1,@MastinSaurus @sampahfhui Isi kepala manusia juga kalo diumbar ke sosmed pasti isinya macem2 dari julid porno dll. Ye itu mah elu jangan ajak2 yg lain.,2044201973629739395,,MastinSaurus,in,,0,0,0,https://x.com/undefined/status/2044201973629739395,1786731468636758016,
2043062344675397897,Tue Apr 14 23:51:33 +0000 2026,0,@sweetsourporks @nawsicaa @sampahfhui @thxorns @bebekqaleo Gk bkl diterima di masyarakat di perusahaan bakal di tolak tu 16 org dah masukin aja kasusnya bikin luas aja,2044201926997463459,,sweetsourporks,in,,0,0,0,https://x.com/undefined/status/2044201926997463459,1168090257306206208,
2043062344675397897,Tue Apr 14 23:50:58 +0000 2026,0,@sampahfhui sick bgt najis mentang2 ada jabatan cuihhh semoga jd sampah lo semua sampe akhir hayat di dunia ini.,2044201779433496728,,sampahfhui,in,,0,0,0,https://x.com/undefined/status/2044201779433496728,985539814136008704,
2043720262638784863,Tue Apr 14 23:49:22 +0000 2026,0,@screamerdiva @sampahfhui lu yng bijak anj dalam bersosmed malah blunder plenger kyk gitu isi otak pekob smua mkanya goblok tlol,2044201378185392564,,screamerdiva,in,,0,0,0,https://x.com/undefined/status/2044201378185392564,1514971704895836169,
2043062344675397897,Tue Apr 14 23:46:50 +0000 2026,0,@rookieENTP @DennySeggssegar @sampahfhui Devil s Advocate itu apa aja urang yakin maneh teu paham Pemahaman lu linear banget soalnya. Ga dicerna. Ditelan secara harfiah ,2044200740592472520,,tjok_aps,in,,0,0,0,https://x.com/undefined/status/2044200740592472520,119614354,
2043062344675397897,Tue Apr 14 23:46:21 +0000 2026,0,@rookieENTP @DennySeggssegar @sampahfhui Argumennya nyambung. Kejahatan pelecehan itu mereka lakukan di ruang private. Si Indomie telor nyeletuk soal lokasi kejadian perkara. TKPnya bukan informasi yg relevan. Yg diliat hakim itu tindakan kriminalnya beneran terjadi apa enggak Bukan soal lokasi.,2044200618739544120,,rookieENTP,in,,0,2,0,https://x.com/undefined/status/2044200618739544120,119614354,
2043062344675397897,Tue Apr 14 23:42:16 +0000 2026,0,@caturprasetyoo @sampahfhui Sama kan ? @caturprasetyoo,2044199591739043959,,nih702,in,,0,0,0,https://x.com/undefined/status/2044199591739043959,1621477822115221504,
2043062344675397897,Tue Apr 14 23:42:06 +0000 2026,0,@MastinSaurus @sampahfhui bodohh perbandingan ga sesuai. dari ketikann kasarnya keliatan lu satu spesies. yg di grup itu kan isi kepala yg keluar oon. sekolah yg bener biar bisa mikir.,2044199550630670653,,MastinSaurus,in,,0,0,0,https://x.com/undefined/status/2044199550630670653,1025891919518261248,
2043062344675397897,Tue Apr 14 23:40:09 +0000 2026,1,@MastinSaurus @sampahfhui ini ciri2 org yg dlu pas kecil minumnya got kasian lu tolol ga mikirin perasaan peremuan2 terdekat lu kalo baca lu pnya statement gblk begini?,2044199058584264785,,MastinSaurus,in,,0,0,0,https://x.com/undefined/status/2044199058584264785,1925023536902713344,
2043720262638784863,Tue Apr 14 23:38:24 +0000 2026,0,@screamerdiva @sampahfhui penyebar nya dah bijak kok,2044198618429829616,,screamerdiva,in,,0,0,0,https://x.com/undefined/status/2044198618429829616,1918211656192278528,
2043062344675397897,Tue Apr 14 23:37:13 +0000 2026,0,@oddlilieth @sampahfhui Ga malu kah pake nama Muhammad tapi kelakuan jelek banget anjir,2044198321968087445,,oddlilieth,in,,0,0,0,https://x.com/undefined/status/2044198321968087445,1911116875658117120,
2043062344675397897,Tue Apr 14 23:36:11 +0000 2026,0,@sampahfhui Bibit2 orang yg bakal mainin hukum di negara ini nih cuih,2044198060004385097,,sampahfhui,in,,0,0,0,https://x.com/undefined/status/2044198060004385097,1149764367845478400,
2043062344675397897,Tue Apr 14 23:35:57 +0000 2026,0,@tamri2908 @oddlilieth @sampahfhui apasih,2044197999958733026,,tamri2908,in,,0,0,0,https://x.com/undefined/status/2044197999958733026,1911116875658117120,
2043950108199530498,Tue Apr 14 23:34:44 +0000 2026,0,@daniellsinaga_ kalo gw jadi ortu salah satu mhsw itu gw tabok anak gw terus gw gugat @univ_indonesia sudah melakukan sidang terbuka terhadap kasus pelecehan seksual dengan terduga belum dewasa..terus gw laporin si cepu @sampahfhui pake UU ITE..di pengadilan manapun kasus seperti ini tertutup,2044197696739913809,,daniellsinaga_,in,,0,2,0,https://x.com/undefined/status/2044197696739913809,1474435538165723136,
2044196424167109033,Tue Apr 14 23:29:41 +0000 2026,0,kalo gw jadi ortu salah satu mhsw itu gw tabok anak gw terus gw gugat @univ_indonesia FH UI sdh melakukan sidang terbuka terhadap kasus pelecehan seksual dgn terduga belum dewasa.terus gw laporin si cepu @sampahfhui pake UU ITE di pengadilan manapun kasus seperti ini tertutup,2044196424167109033,,,in,,0,0,0,https://x.com/undefined/status/2044196424167109033,1474435538165723136,
2043062344675397897,Wed Apr 15 23:58:34 +0000 2026,0,@loffboyl_8790 @MastinSaurus @sampahfhui Lu yang TOLOL ANJING! ,2044566080870617470,,loffboyl_8790,in,,0,0,0,https://x.com/undefined/status/2044566080870617470,1416544680775278592,
2043062344675397897,Wed Apr 15 23:58:08 +0000 2026,0,@loffboyl_8790 @MastinSaurus @sampahfhui Lah gmn sih? Pencemaran nama baik juga karena sebut nama kan?,2044565972422688948,,loffboyl_8790,in,,0,0,0,https://x.com/undefined/status/2044565972422688948,1416544680775278592,
2043062344675397897,Wed Apr 15 23:55:32 +0000 2026,0,@MastinSaurus @sampahfhui akun kosongan gausah sok banyak omong bilang aja lu sejenis kyk salah satu dari mereka,2044565317637251281,,MastinSaurus,in,,0,0,0,https://x.com/undefined/status/2044565317637251281,1786257710151077889,
2043062344675397897,Wed Apr 15 23:24:04 +0000 2026,0,@Bmgstwn @bebekqaleo @sampahfhui Wah gimana nih @PDI_Perjuangan @Rieke_RDP,2044557399223374168,,Bmgstwn,in,,0,0,0,https://x.com/undefined/status/2044557399223374168,850925766,
2043720262638784863,Wed Apr 15 23:20:29 +0000 2026,1,@screamerdiva @sampahfhui guyssss dibales ibunya ternyata anak ibu ini perempuan tapi dia ga mikirkah kalo anaknya jadi korban pelecehan laki-laki jahat? https://t.co/obp1lW8ehi,2044556495715705307,https://pbs.twimg.com/media/HF-5Sw4bEAIwvUm.jpg,screamerdiva,in,,0,0,0,https://x.com/undefined/status/2044556495715705307,718152650,
2043062344675397897,Wed Apr 15 23:17:32 +0000 2026,0,@sampahfhui haruhh aing mah,2044555753730805897,,sampahfhui,in,,0,0,0,https://x.com/undefined/status/2044555753730805897,1921421387602030592,
2043720262638784863,Wed Apr 15 23:15:32 +0000 2026,1,@bebearmageddon @DhvVnAr @screamerdiva @sampahfhui kak anak ibu itu cewek . miris aja malah ngeluarin statement begitu,2044555252918333869,,bebearmageddon,in,,0,0,0,https://x.com/undefined/status/2044555252918333869,718152650,
2043062344675397897,Wed Apr 15 22:34:11 +0000 2026,0,@tamri2908 @oddlilieth @sampahfhui Kasian? Oon,2044544845881217094,,tamri2908,in,,0,0,0,https://x.com/undefined/status/2044544845881217094,1418136420003115011,
2043062344675397897,Wed Apr 15 22:26:42 +0000 2026,0,@sampahfhui Aku penasaran sama yg dulu nolak UU tpks ketika melihat kasus ini gimana ya,2044542961531425274,,sampahfhui,in,,0,0,0,https://x.com/undefined/status/2044542961531425274,715481588,
2043597906603565182,Wed Apr 15 22:25:23 +0000 2026,0,@RumiJalaludiin @roseidusk @tesvsyy @persephoeus @sampahfhui @HukumUI Plis ini kasus apa? Postinganya udah ilang,2044542632232432090,,RumiJalaludiin,in,,0,0,0,https://x.com/undefined/status/2044542632232432090,1200914690034978816,
2043950108199530498,Wed Apr 15 22:25:12 +0000 2026,0,@vigilante1312 @daniellsinaga_ @univ_indonesia @sampahfhui menurut saya lebih adil kalau kita pisahkan dua hal ini: cara penanganannya boleh dikritik tapi perbuatannya juga tetap harus dipertanggungjawabkan tanpa harus langsung menyimpulkan bahwa semua itu melanggar UU atau bertujuan menghancurkan.,2044542586015387745,,oh_juita,in,,0,0,0,https://x.com/undefined/status/2044542586015387745,87544524,
2043950108199530498,Wed Apr 15 22:24:01 +0000 2026,0,@vigilante1312 @daniellsinaga_ @univ_indonesia @sampahfhui mekanisme hukum negara tetap berjalan di jalurnya sementara kampus juga punya ruang untuk menangani aspek etik dan administratifnya. saya juga melihat kecenderungan fokus hanya pada perlindungan terduga sementara dampak dari perbuatannya sendiri jadi kurang mendapat perhatian.,2044542288064565327,,oh_juita,in,,0,1,0,https://x.com/undefined/status/2044542288064565327,87544524,
2043950108199530498,Wed Apr 15 22:22:06 +0000 2026,0,@vigilante1312 @daniellsinaga_ @univ_indonesia @sampahfhui sementara di kampus yang berjalan adalah mekanisme administratif dan etik. pendekatan dan bentuk penanganannya tidak bisa disamakan begitu saja. di kampus ada juga tuntutan transparansi dan akuntabilitas kepada komunitas akademik. ada perbedaan cara dalam mengelola kasusnya.,2044541803526033869,,oh_juita,in,,0,1,0,https://x.com/undefined/status/2044541803526033869,87544524,
2043950108199530498,Wed Apr 15 22:20:32 +0000 2026,0,@vigilante1312 @daniellsinaga_ @univ_indonesia @sampahfhui konteks kemarin adalah proses di lingkungan kampus bukan sidang pengadilan pidana. UU sudah eksplisit mengatur pengadilan pidana. di pengadilan prosesnya memang dijalankan oleh aparat penegak hukum seperti hakim dengan mekanisme formal yang ketat.,2044541408695242808,,oh_juita,in,,0,1,0,https://x.com/undefined/status/2044541408695242808,87544524,
2043950108199530498,Wed Apr 15 22:19:08 +0000 2026,0,@vigilante1312 @daniellsinaga_ @univ_indonesia @sampahfhui saya setuju bahwa ada alasan kenapa persidangan perkara kekerasan seksual di pengadilan dilakukan secara tertutup. tapi tampaknya sampai akhir diskusi ini kita tetap berbeda pandangan. untuk sementara saya akan teguh bahwa konteks itu perlu ditempatkan dengan tepat.,2044541057342575100,,vigilante1312,in,,0,1,0,https://x.com/undefined/status/2044541057342575100,87544524,
2043950108199530498,Wed Apr 15 22:15:27 +0000 2026,0,@vigilante1312 @h_pradono @daniellsinaga_ @univ_indonesia @sampahfhui ---klarifikasi terbuka otomatis bisa dikategorikan sebagai persekusi.,2044540129713525209,,oh_juita,in,,0,0,0,https://x.com/undefined/status/2044540129713525209,87544524,
2043950108199530498,Wed Apr 15 22:14:38 +0000 2026,0,@vigilante1312 @h_pradono @daniellsinaga_ @univ_indonesia @sampahfhui menurut saya ini penting karena akan lebih bijak kalau kita membawa klaim hukum terutama kalau melanggar UU dasarnya juga harus tepat agar tidak menyesatkan. soal istilah persekusi intimidasi menurut saya itu juga perlu hati-hati digunakan. tidak semua bentuk forum---,2044539923873861666,,oh_juita,in,,0,1,0,https://x.com/undefined/status/2044539923873861666,87544524,
2043950108199530498,Wed Apr 15 22:13:26 +0000 2026,0,@vigilante1312 @h_pradono @daniellsinaga_ @univ_indonesia @sampahfhui apresiasi sudah mengoreksi soal umur tapi justru itu poin penting. melihat informasi dari komentar orang lain kakak sudah spam di tweet-tweet lainnya terkait narasi belum dewasa dan melanggar UU yang menurut saya cukup provokatif padahal faktanya tidak tepat.,2044539622290821593,,vigilante1312,in,,0,1,0,https://x.com/undefined/status/2044539622290821593,87544524,
2043062344675397897,Wed Apr 15 21:27:38 +0000 2026,0,@MastinSaurus @sampahfhui lu gak suci ya?,2044528098318958991,,MastinSaurus,in,,0,0,0,https://x.com/undefined/status/2044528098318958991,1926649562338340864,
2043062344675397897,Wed Apr 15 21:23:58 +0000 2026,0,@reyno691286 @wroofwoof @MastinSaurus @sampahfhui otak lo yg hrsnya bener tai,2044527173185507680,,reyno691286,in,,0,0,0,https://x.com/undefined/status/2044527173185507680,1678402623123206146,
2043720262638784863,Wed Apr 15 23:24:28 +0000 2026,0,@screamerdiva @sampahfhui ada yang kemarin drop bad review di maps notarisnya ga ya? kok tiba2 ilang semua ya,2044557499626623396,,screamerdiva,in,,0,0,0,https://x.com/undefined/status/2044557499626623396,1802380393045504000,
2043062344675397897,Thu Apr 16 18:56:09 +0000 2026,0,@naay_killa @sampahfhui Justru bagus dong cepuin grup chat ini untuk pencegahan supaya mereka tidak melakukan kepada yg bukan objek seksualnya,2044852361009700940,,naay_killa,in,,0,0,0,https://x.com/undefined/status/2044852361009700940,237485630,
2043062344675397897,Thu Apr 16 18:42:58 +0000 2026,0,@westallen139 @nufoursare @sampahfhui Dia yg paling cakep dan yg paling seksi dari semua yg lain wkwkw,2044849046825971928,,westallen139,in,,0,1,0,https://x.com/undefined/status/2044849046825971928,1287344773288751109,
2044846314870165651,Thu Apr 16 18:32:08 +0000 2026,2,Kasus ini bermula pada 11 April 2026 saat akun X @sampahfhui mengunggah tangkapan layar grup WhatsApp berisi mahasiswa FH UI. Grup tersebut disebut beranggotakan 16 mahasiswa laki-laki dengan isi percakapan yang dinilai melecehkan mahasiswa lain hingga dosen.,2044846320180236517,,FactId_,in,,0,1,0,https://x.com/undefined/status/2044846320180236517,2039314886518308864,
2043062344675397897,Thu Apr 16 18:25:23 +0000 2026,0,@mr7ohn4c @sampahfhui @12t104 Maunya apa? Kasih solusi,2044844619784134827,,mr7ohn4c,in,,0,0,0,https://x.com/undefined/status/2044844619784134827,1730940694708228096,
2043062344675397897,Thu Apr 16 16:55:03 +0000 2026,0,@humblegoddesssz @sampahfhui lu jg disgusting nipu org,2044821886719451357,,intentinom,in,,0,0,0,https://x.com/undefined/status/2044821886719451357,1272894861344215048,
2043352637068980592,Thu Apr 16 14:29:31 +0000 2026,0,@prastow @sampahfhui Kok aku berkaca² yaa baca twit bapak ini kebayang gimana gemeternya nahan amarah begitu tau bahwa selama ini putrinya setiap hari terpapar resiko objektifikasi seksual jangan sampaiii jadi korban yaa pak.. terpenting siapapun korbannya pelaku harus ditindak tegas,2044785264518942908,,prastow,in,,0,0,0,https://x.com/undefined/status/2044785264518942908,880915567091240960,
2043062344675397897,Thu Apr 16 14:18:47 +0000 2026,0,@MastinSaurus @sampahfhui Dih goblok,2044782561050939812,,MastinSaurus,in,,0,0,0,https://x.com/undefined/status/2044782561050939812,1008980184211513344,
2043062344675397897,Thu Apr 16 13:40:32 +0000 2026,0,@sampahfhui kak izin tambahkan untuk bukti di artikel ya,2044772934343086092,,sampahfhui,in,,0,0,0,https://x.com/undefined/status/2044772934343086092,2028128355246329856,
2043720262638784863,Thu Apr 16 13:19:23 +0000 2026,0,@screamerdiva @sampahfhui Kalo anak gw ada disitu sih kalo gw di invite di group itu gw leave dan wa anak gw buat tanggung jawab sendiri masalahnya. Fasilitasnya gw cabut dan gw serahin keputusannya ke kampus tanpa ada pembelaan apa2 lagi,2044767614313070828,,screamerdiva,in,,0,0,0,https://x.com/undefined/status/2044767614313070828,1525423184538767360,
2043062344675397897,Thu Apr 16 12:51:03 +0000 2026,0,@_381e @MastinSaurus @sampahfhui Makasih gambarnya,2044760482041696671,,_381e,in,,0,0,0,https://x.com/undefined/status/2044760482041696671,1097122376888725504,
2043062344675397897,Thu Apr 16 11:18:37 +0000 2026,0,@isontrial @sampahfhui analogi goblok asal bunyi anjeng,2044737220188459466,,isontrial,in,,0,0,0,https://x.com/undefined/status/2044737220188459466,1081714759026671617,
2043062344675397897,Thu Apr 16 11:09:50 +0000 2026,0,@sampahfhui KAK PLIS JANGAN DIHAPUS mau aku jadiin objek skripsi,2044735010163572828,,sampahfhui,in,,0,0,0,https://x.com/undefined/status/2044735010163572828,1398988501069099010,
2043062344675397897,Thu Apr 16 11:06:35 +0000 2026,2,@sampahfhui Gimna lanjutan kasus ini guys?,2044734193650024519,,sampahfhui,in,,0,0,1,https://x.com/undefined/status/2044734193650024519,1459962525395472387,
2043062344675397897,Thu Apr 16 10:45:43 +0000 2026,0,@khrisnadhani @MastinSaurus @sampahfhui Lebih ke malu sih punya adek gini amat,2044728943199359341,,khrisnadhani,in,,0,0,0,https://x.com/undefined/status/2044728943199359341,1794298849651212288,
2043062344675397897,Thu Apr 16 10:43:14 +0000 2026,0,@newhopejonah @sampahfhui Pengecut emang mereka nih,2044728317115601203,,newhopejonah,in,,0,0,0,https://x.com/undefined/status/2044728317115601203,1438060976687837187,
2043062344675397897,Thu Apr 16 10:29:19 +0000 2026,0,@MastinSaurus @sampahfhui EWWW enabler pelaku KS ‍,2044724812824883446,,MastinSaurus,in,,0,0,0,https://x.com/undefined/status/2044724812824883446,146348912,
2043062344675397897,Thu Apr 16 10:17:33 +0000 2026,0,@MastinSaurus @BudiBukanIntel @sampahfhui Wkwkwk semua bakal ngomong kek lu karena belum ngerasain bang. Coba aja adeklu dibahas di grup chat itu. Gw yakin lu pasti marah .,2044721851994349784,,MastinSaurus,in,,0,1,0,https://x.com/undefined/status/2044721851994349784,1326157110,
2043062344675397897,Thu Apr 16 10:08:58 +0000 2026,0,@myalbarakat @MastinSaurus @sampahfhui Balasan yg bagus dan detail. Mungkin akunya juga kurang spesifik dari awal. Fantasi bokep yg dishare ke relasi terdekat tanpa objek mengetahui sedikit pun pelecehan juga? Kriminal juga? Iya tau mereka berhak marah. Tapi disini kalo mereka gak pernah tau?,2044719693332897992,,myalbarakat,in,,0,1,0,https://x.com/undefined/status/2044719693332897992,1170453991,
2043062344675397897,Thu Apr 16 09:51:46 +0000 2026,0,@Leifisherman @sampahfhui kalo ditolak dikalangan masyarakat manapun saya setuju tapi kalo dalam hal pekerjaan kayak sulit bro soalnya dengan kuasa duit bapaknya dan perusahaan bapaknya tetap bisa kerja.. apalagi sekarang pekerjaan bisa dibeli.,2044715362651107409,,Leifisherman,in,,0,0,0,https://x.com/undefined/status/2044715362651107409,1131427399348789248,
2043062344675397897,Fri Apr 17 22:51:47 +0000 2026,0,@Phinn_Majid @MastinSaurus @sampahfhui Kita bisa mikir apa dampak yg akan kita timbulkan klo kita mengeluarkam fantasi bokep kita dari kepala kita. Bahkan klo di kepala kita isinya full fantasi bokep jga tetap ada dampaknya untuk kita. Manusia itu makhluk sempurny jgn mau kalah sama hewan yg ga punya akal pikiran,2045274050059280479,,myalbarakat,in,,0,0,0,https://x.com/undefined/status/2045274050059280479,1953063421953605632,
2043062344675397897,Fri Apr 17 22:48:07 +0000 2026,0,@Phinn_Majid @MastinSaurus @sampahfhui Tetap pelecehan ka kan udh keluar dari isi kepala. Dg share fantasi bokep yg di kepala ke org terdekat sama aja menganggap fantasi bokep normal untuk diumbar/dibicarakan. Manusia Allah ciptakan memiliki akal pikiran akal pikiran itu yg mencegah kita berbuat hal yg tercela -c,2045273128939729223,,Phinn_Majid,in,,0,2,0,https://x.com/undefined/status/2045273128939729223,1953063421953605632,
2043062344675397897,Fri Apr 17 16:46:59 +0000 2026,0,@sampahfhui masa rating yang b1 nya ilangg https://t.co/oodnzONdLT,2045182243598156004,https://pbs.twimg.com/media/HGHyTq1awAAtiS-.png,sampahfhui,in,,0,0,0,https://x.com/undefined/status/2045182243598156004,1672186367294726151,
2043948205977837651,Fri Apr 17 11:47:00 +0000 2026,0,@iambetterdie tikor asli nya bisa baca2 disini kak @sampahfhui,2045106752254062660,,iambetterdie,in,,0,0,0,https://x.com/undefined/status/2045106752254062660,188579833,
2043062344675397897,Fri Apr 17 11:42:18 +0000 2026,0,@sampahfhui endingnya gue akhirin dengan kalimat biar mereka gak suka ngomong gitu di grub karena yg cewek risih. dan akhirnya mereka berenti,2045105569368060237,,WidaA55905,in,,0,0,0,https://x.com/undefined/status/2045105569368060237,2025203343745056769,
2043062344675397897,Fri Apr 17 11:41:12 +0000 2026,0,@sampahfhui gue inget bangat pas kuliah tmen2 cowo di grub angkatan suka ngomongin cewek gini. tapi gak separah ini sih pakai perumpamaan. padahal grub tersebut banyak ceweknya. lama2 gue sama temen2 bales mereka balik ngomongin yg cowo jadi objek sama dengan cara mereka.,2045105293810651426,,sampahfhui,in,,0,1,0,https://x.com/undefined/status/2045105293810651426,2025203343745056769,
2043720262638784863,Fri Apr 17 11:07:48 +0000 2026,0,@Aiphroditee @irumi028 @screamerdiva @sampahfhui itu ngespill tempat kerja si ika,2045096888362545318,,Aiphroditee,in,,0,0,0,https://x.com/undefined/status/2045096888362545318,1934848689442627584,
2043058609375056065,Fri Apr 17 10:36:54 +0000 2026,0,@vema1234567 @sampahfhui enak aja lu ngomong gitu? malah yg ini org yg bisa kena UU ITE WKWKWKWKWK,2045089110872981998,,vema1234567,in,,0,0,0,https://x.com/undefined/status/2045089110872981998,1551028966311735296,
2043058609375056065,Fri Apr 17 10:36:08 +0000 2026,1,@sampahfhui Harusnya lu selesaikan lewat kampus kontollllllllll,2045088917314261341,,sampahfhui,in,,0,0,0,https://x.com/undefined/status/2045088917314261341,1551028966311735296,
2043062344675397897,Fri Apr 17 10:30:05 +0000 2026,0,@bebekqaleo @sampahfhui anj udh gitu muka opet smua mnurut gua gada ganteng²nya juga ni org² muka belagu sih lebih tepatnya,2045087395486499234,,bebekqaleo,in,,0,0,0,https://x.com/undefined/status/2045087395486499234,1190071869132562432,
2043062344675397897,Fri Apr 17 10:27:57 +0000 2026,0,@sampahfhui Perasaan dlu group chat gw kalo ga 1ud0 sama adong do,2045086856421982557,,sampahfhui,in,,0,0,0,https://x.com/undefined/status/2045086856421982557,1316450560912969733,
2043062344675397897,Fri Apr 17 10:21:28 +0000 2026,0,@Namelia_14 @kittiescryhere @wroofwoof @MastinSaurus @sampahfhui Yap..yap..yap..sesuka gw mo nulis gmn2 aja..mo nulis muka lu kyk kontol aja bebas2 aja di sini...goblokkk,2045085225144000622,,Namelia_14,in,,0,0,0,https://x.com/undefined/status/2045085225144000622,1514793087159382019,
2043062344675397897,Fri Apr 17 09:27:19 +0000 2026,0,@Kocella1 @MastinSaurus @sampahfhui Iya seharusnya dibawa keluar ketika udah ada korban ya..nanti kalau anakmu di catcalling atau dilecehkan verbal biarin aja ya kan belum sampai diperk*sa,2045071599121076545,,Kocella1,in,,0,0,0,https://x.com/undefined/status/2045071599121076545,1505250833075929088,
2043062344675397897,Fri Apr 17 09:03:11 +0000 2026,0,@MastinSaurus @sampahfhui Men-share hanya bagian proses jangan dialihkan ke ranah private. Setuju selama masih diisi kepalamu saja tetapi ketika berbagi dengan orang lain ini jadi berbeda. Karena kecabulanmu ditularkan atau menularkan orang lain.,2045065524489695659,,MastinSaurus,in,,0,0,0,https://x.com/undefined/status/2045065524489695659,1757254673596383232,
2043062344675397897,Fri Apr 17 09:02:00 +0000 2026,0,@jackassforevers @nufoursare @sampahfhui Tapi selera orang lain beda². Blm nemu yg anggep dia paling cakep selain gw &amp; lu,2045065227843367069,,jackassforevers,in,,0,0,0,https://x.com/undefined/status/2045065227843367069,1730940694708228096,
2043062344675397897,Fri Apr 17 07:30:53 +0000 2026,0,@Ritzhy1 @ziyuseablue @wroofwoof @MastinSaurus @sampahfhui sok tw gk ad waktu gw buat gituan,2045042296887099767,,Ritzhy1,in,,0,0,0,https://x.com/undefined/status/2045042296887099767,1876584817409884160,
2043062344675397897,Fri Apr 17 07:27:53 +0000 2026,0,@drownedmantis @mataharidisini @wroofwoof @MastinSaurus @sampahfhui klo gw gk mewajarkan hal itu tp para kpopers yg tua pada bilang alah ship an kek gni udah dri lama ywdah deh ngalah aja batu soalnya mereka serasa ngomong ma tembok,2045041543548178587,,drownedmantis,in,,0,0,0,https://x.com/undefined/status/2045041543548178587,1876584817409884160,
2043062344675397897,Fri Apr 17 07:25:19 +0000 2026,0,@mataharidisini @wroofwoof @MastinSaurus @sampahfhui iya semua orang tu punya pikiran kek gtu dan gw gk ngerasa paling bersih kok maksud gw kan mereka pamer abs/bicep kan atas kemauan mereka sendiri gk termasuk pelecehan lah klo ini tanpa seizin ya pelecehan lah apsii kok jdi oon,2045040897738568163,,mataharidisini,in,,0,0,0,https://x.com/undefined/status/2045040897738568163,1876584817409884160,
2043062344675397897,Fri Apr 17 04:57:32 +0000 2026,0,@Ritzhy1 @kittiescryhere @wroofwoof @MastinSaurus @sampahfhui Kamu bisa mengalahkan 40 orang pintar hanya dengan 1 fakta. Tetapi kamu tidak bisa mengalahkan 1 orang bodoh dengan 40 fakta.,2045003704370430191,,Ritzhy1,in,,0,0,0,https://x.com/undefined/status/2045003704370430191,1445061903886082049,
2043062344675397897,Fri Apr 17 04:57:11 +0000 2026,1,@Ritzhy1 @kittiescryhere @wroofwoof @MastinSaurus @sampahfhui Ngetik dulu yg bener nyusun kata2nya aja belum rapih gitu. Isi otak orang ya harus diatur oleh yang punya otak lah (kalo punya ya). Mana bisa orang lain ngatur isi otak orang lain? Pinter dikit knp sih. Emg bener ya berdebat dengan orang bodoh itu ga akan berakhir dgn benar.,2045003618722738458,,Ritzhy1,in,,0,1,0,https://x.com/undefined/status/2045003618722738458,1445061903886082049,
2043062344675397897,Sat Apr 18 22:09:56 +0000 2026,0,@alduin_kai @oddlilieth @sampahfhui Cenderung beragama hanya sebatas tulisan di KTP saja. Beragama tapi mungkin tak paham sirah Nabi shallallahu 'alaihi wa sallam sehingga nama hanyalah nama. Beragama tapi minim akhlak. Lihatlah perbuatan mereka yang menganggap lucu dalam mengomentari teman dan dosen mereka.,2045625906753163461,,alduin_kai,in,,0,0,0,https://x.com/undefined/status/2045625906753163461,694684821956591616,
2043720262638784863,Sat Apr 18 18:09:00 +0000 2026,0,@anakkriminologi @senjatanuklir @screamerdiva @sampahfhui Tetep kaya bocil sih kalau info pembayaran ukt harus langsung ke ortu.,2045565271331782924,,anakkriminologi,in,,0,0,0,https://x.com/undefined/status/2045565271331782924,1978461314910695424,
2043062344675397897,Sat Apr 18 17:15:15 +0000 2026,0,@Phinn_Majid @MastinSaurus @sampahfhui Yg ini soal ghibah. https://t.co/S6j6iJIPY7,2045551748379725883,https://pbs.twimg.com/media/HGNCd4yaMAAjOuP.jpg,Phinn_Majid,in,,0,3,0,https://x.com/undefined/status/2045551748379725883,1880040833896050688,
2043062344675397897,Sat Apr 18 17:11:48 +0000 2026,0,@Phinn_Majid @MastinSaurus @sampahfhui Yg ini soal body Sydney Sweeney https://t.co/wTaJ5oPM1j,2045550878405628112,https://pbs.twimg.com/media/HGNBrLYbUAA-X9y.jpg,Phinn_Majid,in,,0,0,0,https://x.com/undefined/status/2045550878405628112,1880040833896050688,
2043062344675397897,Sat Apr 18 17:05:44 +0000 2026,0,@Phinn_Majid @MastinSaurus @sampahfhui Karena gua malah ngetik gua bahas pake fakta aja. https://t.co/JCQTiTdLGI,2045549350898798986,https://pbs.twimg.com/media/HGNASZ6bQAANExX.jpg,Phinn_Majid,in,,0,0,0,https://x.com/undefined/status/2045549350898798986,1880040833896050688,
2043062344675397897,Sat Apr 18 15:14:33 +0000 2026,0,@bebekqaleo @sampahfhui Jelek semua jink kek opet,2045521370579435798,,bebekqaleo,in,,0,0,0,https://x.com/undefined/status/2045521370579435798,1810327693692637184,
2043062344675397897,Sat Apr 18 11:44:46 +0000 2026,0,@sampahfhui Ini gw nggak membenarkan tapi gw penasaran di UI nya sendiri ada nggak ya grup cewek yg melecehkan laki-laki soalnya di SMA ku juga ada grup perempuan yg isinya ngelecehin laki-laki,2045468575792824418,,sampahfhui,in,,0,0,0,https://x.com/undefined/status/2045468575792824418,2022695685334929412,
2043062344675397897,Sat Apr 18 08:09:38 +0000 2026,0,@PutriAgust54679 @MastinSaurus @sampahfhui Muter di cuman obrolan karena memang cuman obrolan. Gak ada eskalasi. Objek dari awal emang gak usah tau,2045414435611976124,,PutriAgust54679,in,,0,0,0,https://x.com/undefined/status/2045414435611976124,1170453991,
2043062344675397897,Sat Apr 18 08:08:28 +0000 2026,0,@PutriAgust54679 @MastinSaurus @sampahfhui Dampak apa? Dampak moral? Itu gw gak peduli sekali lagi. Sejak kapan hukum ngatur moral?,2045414144921452575,,PutriAgust54679,in,,0,0,0,https://x.com/undefined/status/2045414144921452575,1170453991,
2043062344675397897,Sat Apr 18 08:07:47 +0000 2026,0,@PutriAgust54679 @MastinSaurus @sampahfhui Iya gak bakalan mati. Bilangin gih sekalian ke cewek stan K-Pop yg hobi ngomongin roti sobek. Manusia gak coli gak ngewe gak bakalan mati juga. Yakin tapi mau bilang hal yg sama?,2045413972263031276,,PutriAgust54679,in,,0,0,0,https://x.com/undefined/status/2045413972263031276,1170453991,
2043062344675397897,Sat Apr 18 08:05:59 +0000 2026,0,@PutriAgust54679 @MastinSaurus @sampahfhui Iya sekalian aja. Awasi semua obrolan kampus atau masyarakat yang tak bermoral biar gak ada tindakan kriminal samsek. Ban pornografi sekalian aja sekaligus film rating R kayak AADC Titanic,2045413518758044100,,PutriAgust54679,in,,0,0,0,https://x.com/undefined/status/2045413518758044100,1170453991,
2043062344675397897,Sat Apr 18 08:04:35 +0000 2026,0,@PutriAgust54679 @MastinSaurus @sampahfhui Burning Sun ada perencanaan kan? Obrolan tongkrongan dijamin ada perencanaan gak? Gak sekalian aja polisi mengawasi semua tongkrongan biar gak ada perencanaan tindakan kriminal dan makar samsek?,2045413168416227734,,PutriAgust54679,in,,0,1,0,https://x.com/undefined/status/2045413168416227734,1170453991,
2043062344675397897,Sat Apr 18 08:02:56 +0000 2026,0,@PutriAgust54679 @MastinSaurus @sampahfhui Dan baru tau juga ghibahin orang harus consent. Kalo gak jadi tindakan kriminal ,2045412751011651996,,PutriAgust54679,in,,0,1,0,https://x.com/undefined/status/2045412751011651996,1170453991,
2043062344675397897,Sat Apr 18 08:02:38 +0000 2026,0,@PutriAgust54679 @MastinSaurus @sampahfhui Banyak hal nggak harus jadi kriminal dulu baru dianggap salah. Ya makanya beda. Gw dari kemarin ngomongin kriminalisasi dan legalitas bukan masalah moral hitam dan putih. Soal moral gw malah gak peduli dari kemarin,2045412676550217890,,PutriAgust54679,in,,0,0,0,https://x.com/undefined/status/2045412676550217890,1170453991,
2043062344675397897,Sat Apr 18 08:01:29 +0000 2026,0,@PutriAgust54679 @MastinSaurus @sampahfhui Gw ulangi ya. Gw ngomongin Sydney di tongkrongan dengan gw ngomongin temen cewek. Obrolannya stay privat dan gak ada perencanaan pemerkosaan. Sama aja dong? Atau masih mikir sama pelecehan?,2045412387856302365,,PutriAgust54679,in,,0,0,0,https://x.com/undefined/status/2045412387856302365,1170453991,
2043062344675397897,Sat Apr 18 07:58:01 +0000 2026,0,@PutriAgust54679 @MastinSaurus @sampahfhui Gw mengecam kasusnya. Gw mempermasalahkan kriminalisasi locker room talk secara umum. Kalau obrolannya bocor dan cewek sebagai objek horny talk tau dia juga berhak bereaksi dengan trauma. Sampe sini paham? Masih keliatan inkonsisten apa gimana?,2045411513813639445,,PutriAgust54679,in,,0,0,0,https://x.com/undefined/status/2045411513813639445,1170453991,
2043062344675397897,Sat Apr 18 07:56:15 +0000 2026,0,@PutriAgust54679 @MastinSaurus @sampahfhui Btw semua orang berpaku banget sama piramida itu padahal locker room talk &amp; private rape jokes gak ada korelasi langsung ke sexual harassment ,2045411069179605308,,PutriAgust54679,in,,0,1,0,https://x.com/undefined/status/2045411069179605308,1170453991,
2043062344675397897,Sat Apr 18 07:55:27 +0000 2026,0,@PutriAgust54679 @MastinSaurus @sampahfhui Pikiran gw mungkin cacat karena gw selalu berpikir gw main GTA dan nonton film Tarantino gak menjadikan gw pembunuh. Kalau pornografi separah itu seluruh belahan dunia udah dipenuhi rapist kak,2045410869874688467,,PutriAgust54679,in,,0,0,0,https://x.com/undefined/status/2045410869874688467,1170453991,
2043062344675397897,Sat Apr 18 07:50:53 +0000 2026,0,@myalbarakat @MastinSaurus @sampahfhui Pelecehan atau dosa? Beda nih. Masalahnya kakak ngejelasin kayak fantasi bokep cuman pikiran kotor berdosa aja dari segi moral dan agama. Berarti manusia harus membicarakan yg bersih aja di ranah privat sekalipun juga?,2045409720887128463,,myalbarakat,in,,0,1,0,https://x.com/undefined/status/2045409720887128463,1170453991,
2043062344675397897,Sat Apr 18 07:47:14 +0000 2026,0,@happyvirusahn0 @MastinSaurus @sampahfhui Aww ngeri rapist benci kasus rapist?,2045408798890938379,,happyvirusahn0,in,,0,1,0,https://x.com/undefined/status/2045408798890938379,1170453991,
2043062344675397897,Sun Apr 19 13:59:45 +0000 2026,1,@sampahfhui Gue kira mrka smart people ternyata sick people,2045864937109835884,,sampahfhui,in,,0,0,0,https://x.com/undefined/status/2045864937109835884,1759167049517936640,
2043062344675397897,Sun Apr 19 12:34:44 +0000 2026,0,@myalbarakat @MastinSaurus @sampahfhui Oke mending kita sudahi aja debat kusir ini. Dari awal gw gak bahas moral dan agama samsek. Hanya legalitas dan kriminalisasi apalagi banyak orang termasuk kakak yg terlalu mengaitkan moral dan nilai spiritual ke hukum. Terima kasih. I wish u well ~,2045843540857835670,,myalbarakat,in,,0,0,0,https://x.com/undefined/status/2045843540857835670,1170453991,
2043062344675397897,Sun Apr 19 11:47:15 +0000 2026,0,@Phinn_Majid @MastinSaurus @sampahfhui Dan dlm islam klo dlm pikiran kita terlintas hal kotor disuruh cpt2 beristighfar. Islam jga mengajarkan lbh baik diam daripada ucapan yg kita kelurkan tdk baik. Dan dlm islam diam adlh emas,2045831591826796991,,myalbarakat,in,,0,1,0,https://x.com/undefined/status/2045831591826796991,1953063421953605632,
2043062344675397897,Sun Apr 19 11:44:43 +0000 2026,0,@Phinn_Majid @MastinSaurus @sampahfhui Sama aja ga ada bedany. Dosakan banyak jenisny salah satuny ya pelecehan. Iya manusia wajib membicarakan yg bersih/yg baik2 dlm kondisi apapun. As muslim islam menganjurkan umatny untuk berpikir bersih dan semua hal sdh diatur dlm islam. -c,2045830954086977715,,Phinn_Majid,in,,0,1,0,https://x.com/undefined/status/2045830954086977715,1953063421953605632,
2043062344675397897,Sun Apr 19 06:27:14 +0000 2026,0,@PutriAgust54679 @MastinSaurus @sampahfhui Oh ya. Banyak warga kampung bisa dibui juga dong gara-gara ghibah ,2045751056785936570,,PutriAgust54679,in,,0,1,0,https://x.com/undefined/status/2045751056785936570,1170453991,
2043062344675397897,Sun Apr 19 06:23:07 +0000 2026,0,@PutriAgust54679 @MastinSaurus @sampahfhui Sekali lagi masalah FH UI udah LEBIH dari sekedar locker room talk. Terus kalo grup chat gw sama temen gw terekspos ngomongin bodi Sydney Sweeney Nikita Mirzani Kartika bini Uus tanpa ada perencanaan tindak kriminal kami semua mau dibui juga ?,2045750018624323927,,PutriAgust54679,in,,0,1,0,https://x.com/undefined/status/2045750018624323927,1170453991,
2043062344675397897,Sun Apr 19 06:21:05 +0000 2026,0,@PutriAgust54679 @MastinSaurus @sampahfhui Itu terjawab dari lu sendiri. Ujung-ujungnya ngapain bikin hukum yg gak efektif? Hukum Indonesia sekarang aja yg banyak mengatur hal yg gak kalah urgent aja dianggurin kayak tai,2045749507661656311,,PutriAgust54679,in,,0,2,0,https://x.com/undefined/status/2045749507661656311,1170453991,
2043062344675397897,Sun Apr 19 06:19:31 +0000 2026,0,@PutriAgust54679 @MastinSaurus @sampahfhui Yaudah. Dari awal lu juga masih aja mikir private horny talk pribadi pelecehan. Yaudah anggap gw dan banyak manusia (cowok dan cewek) di muka bumi ini setiap detik melecehkan dan menyakiti satu sama lain bahkan dalam ruang tertutup sekalipun,2045749114735059260,,PutriAgust54679,in,,0,0,0,https://x.com/undefined/status/2045749114735059260,1170453991,
2043062344675397897,Sun Apr 19 05:07:13 +0000 2026,0,@Phinn_Majid @MastinSaurus @sampahfhui Lagian polisi jg gk ad akses buat ngecek hp masing2 kecuali ad perintah kalo semua polisi ngurusin kek begituan 1 1 yg ad gaada abisnya lah kerjaannya yg jdi Msalah itu grup privat jg bahasan dr awal udh slh apalagi smpe ke ekspos publik ydh tamat apalagi orgnya ad dikampus jg,2045730916673483135,,Phinn_Majid,in,,0,2,0,https://x.com/undefined/status/2045730916673483135,1880040833896050688,
2043062344675397897,Sun Apr 19 05:02:30 +0000 2026,0,@Phinn_Majid @MastinSaurus @sampahfhui Apalagi klo isi gibahannya melecehkan perempuan / laki2 udh jls slh mau itu terekspos atau nggak y ttp slh GK bisa dibenarkan mau itu grup privat kek grup umum kek yg namanya pelecehan y pelecehan apalagi kalo smpe keekspos gt percuma gw ngomong muter2 klo dri elunya aj bebal,2045729732277555252,,PutriAgust54679,in,,0,3,0,https://x.com/undefined/status/2045729732277555252,1880040833896050688,
2043062344675397897,Sun Apr 19 04:59:59 +0000 2026,0,@Phinn_Majid @MastinSaurus @sampahfhui Gibahan isinya apa dlu kalo gibahan gak berdasar semisal lu omongin org tp gaada bukti jatuhnya fitnah ya kriminal tp klo mnurut lu GK ydh apalagi gibahsmpe ke ekspos publik jatuhnya pencemaran nama baik Tpi kalo gibah berdsrkan fakta/kejadian sendiri ya itu urusan msing2.,2045729100313301200,,Phinn_Majid,in,,0,1,0,https://x.com/undefined/status/2045729100313301200,1880040833896050688,
2043062344675397897,Sun Apr 19 04:57:02 +0000 2026,0,@Phinn_Majid @MastinSaurus @sampahfhui Percuma Argumen sama lu gaakan ad ujungnya bg soalnya pemikiran kita dh beda lu bahas kriminal yg gw masalahin dari awal jg lebih ke dampak lu bawa2 kriminal dri awal y jls segala bentuk pelecehan verbal lwt grup mau siapapun gendernya cewek / cowok jelas udh slh dan kriminal,2045728356419965152,,Phinn_Majid,in,,0,0,0,https://x.com/undefined/status/2045728356419965152,1880040833896050688,
2043062344675397897,Sun Apr 19 02:53:31 +0000 2026,0,@PutriAgust54679 @MastinSaurus @sampahfhui Lagipula masih gak menjawab pertanyaan gw. Gak sekalian kita kriminalisasi semua ghibahan orang ke kita baik yg seksual maupun moral? Beginikah hukum Indonesia? ,2045697272927973592,,PutriAgust54679,in,,0,2,0,https://x.com/undefined/status/2045697272927973592,1170453991,
2043062344675397897,Sun Apr 19 02:52:46 +0000 2026,0,@PutriAgust54679 @MastinSaurus @sampahfhui Fakta kok pake pertanyaan asal ke Gemini pfft!!!,2045697081625776150,,PutriAgust54679,in,,0,1,0,https://x.com/undefined/status/2045697081625776150,1170453991,
2043062344675397897,Sun Apr 19 02:51:59 +0000 2026,0,@PutriAgust54679 @MastinSaurus @sampahfhui Yahaha gak bisa berpikir dan berargumen sendiri nih sampe bawa chatbot AI? Gw dari titik ini mending gak usah debat sama lu. Mending gw debatin Gemini sekalian aja,2045696884875075598,,PutriAgust54679,in,,0,0,0,https://x.com/undefined/status/2045696884875075598,1170453991,
2043062344675397897,Sun Apr 19 02:40:49 +0000 2026,0,@sampahfhui @ylkptrr sebernya banyak juga di kampus2 lain cuma ga kesebar kaya gini aja,2045694076897677402,,sampahfhui,in,,0,0,0,https://x.com/undefined/status/2045694076897677402,1118731835721129984,
2043062344675397897,Sun Apr 19 00:31:06 +0000 2026,0,@Phinn_Majid @MastinSaurus @sampahfhui Hey begini masih ditanyakan??? Coba jawab pertanyaan anda sendiri deh bocah pinter juga ngerti itu salah,2045661431253872865,,Phinn_Majid,in,,0,0,0,https://x.com/undefined/status/2045661431253872865,1185715732488708097,
2043062344675397897,Mon Apr 20 15:15:16 +0000 2026,0,@oddlilieth @sampahfhui EMANG B3 (BEDEBAH BADJINGAN BANGSAT) UDAH DIKASIH NAMA BAGUS SAMA ORTU (MUHAMMAD) BIAR HARAPANNYA SIKAP TINGKAH LAKU SEPERTI BELIAU..MALAH KAYAK DAJJALL ,2046246327517143482,,oddlilieth,in,,0,0,0,https://x.com/undefined/status/2046246327517143482,2028144175104036864,
2043062344675397897,Mon Apr 20 09:14:41 +0000 2026,0,@yaudahsihyak @nih702 @sampahfhui Tuh ya gue kasih bukti banter2annya soal fdj https://t.co/UbOCHT8d4F,2046155582307225787,https://pbs.twimg.com/media/HGVnpy9aEAAgmoP.jpg,caturprasetyoo,in,,0,0,0,https://x.com/undefined/status/2046155582307225787,434112116,
2043062344675397897,Mon Apr 20 09:13:10 +0000 2026,0,@yaudahsihyak @nih702 @sampahfhui Mana gue tau. Gue ga ada urusan dan ga terlibat jg sm blunder itu. Banter2an soal fdj buat gue itu ya urusan lo2 pd yang suka fdj dan gue ngga ga suka sm tipe permainannya fdj. Suka dan ga suka mah wajar. Klo nafsirinnya benci dan ga benci ya balik lg itu urusan lo.,2046155201376334278,,yaudahsihyak,in,,0,1,0,https://x.com/undefined/status/2046155201376334278,434112116,
2043062344675397897,Mon Apr 20 09:03:49 +0000 2026,0,@caturprasetyoo @nih702 @sampahfhui yg sanking bencinya sm satu pemain sampe lecehin siapa yaaaa? ,2046152847658750095,,caturprasetyoo,in,,0,1,0,https://x.com/undefined/status/2046152847658750095,1117432757146099713,
2043062344675397897,Mon Apr 20 08:00:17 +0000 2026,0,@yaudahsihyak @nih702 @sampahfhui Lo yg bego. Mksd gue bahas fdj tuh ya pas banter2an soal fdj ini bkn pas kejadian ada kesalahan akun yg lo mksd itu. Gue ga pernah menormalisasi yg namanya pelecehan ya. Yg bersangkutan udh minta maaf &amp; ngakuin kesalahaan ya udah. Perihal lo mau terus permasalahin ya terserah lo!,2046136861702361469,,yaudahsihyak,in,,0,1,0,https://x.com/undefined/status/2046136861702361469,434112116,
2043062344675397897,Mon Apr 20 07:55:43 +0000 2026,0,@yaudahsihyak @caturprasetyoo @sampahfhui Yang becek itu ? ,2046135712630894709,,yaudahsihyak,in,,0,0,0,https://x.com/undefined/status/2046135712630894709,1621477822115221504,
2043062344675397897,Mon Apr 20 07:53:39 +0000 2026,0,@caturprasetyoo @nih702 @sampahfhui bahas fdj kok sampe melecehkan? bego ya? ,2046135192893653325,,caturprasetyoo,in,,0,2,0,https://x.com/undefined/status/2046135192893653325,1117432757146099713,
2043062344675397897,Mon Apr 20 07:26:05 +0000 2026,3,@caturprasetyoo @sampahfhui @BarcaBandidos Ngapain caper sama orang peleceh perempuan dan disepong sama domba nya ,2046128255061885321,,caturprasetyoo,in,,0,0,0,https://x.com/undefined/status/2046128255061885321,1621477822115221504,
2043062344675397897,Mon Apr 20 06:06:10 +0000 2026,0,@Phinn_Majid @MastinSaurus @sampahfhui Salahin lah pemerintah dan hukum diindonesia ngapain koar2 nya ke gue gue bkn ahli hukum / pemerintah kok dh tau hukum indonesia kbnykn GK bnr bahkan bisa dibeli y jls mereka utamain org yg berduit dlu / kasus gede yg viral udh dikecam bnyk org baru mereka ladenin.,2046108142451437746,,Phinn_Majid,in,,0,0,0,https://x.com/undefined/status/2046108142451437746,1880040833896050688,
2043062344675397897,Mon Apr 20 06:02:00 +0000 2026,0,@Phinn_Majid @MastinSaurus @sampahfhui Kalo artis kek mereka ngurusin org2 gkpenting kek lu dan tmn2 lu / orang2 yg ngelecehin mereka satu2 ya gaakan ad habisnya yg ad duitnya abis utk ngurusin Msalah kek gt doang.,2046107092084572563,,PutriAgust54679,in,,0,0,0,https://x.com/undefined/status/2046107092084572563,1880040833896050688,
2043062344675397897,Mon Apr 20 06:00:39 +0000 2026,0,@Phinn_Majid @MastinSaurus @sampahfhui Ya itu hak lu sih mau ngelecehin artis2 kek apa gmn ya suka2 elu dampak dan dosanya elu tanggung sndiri kalo chat lu ke ekspos publik dan mereka tau trs ngerasa tersinggung bisa aja di tuntut / bui Tpi sekelas artis kek mereka jg GK mungkin ngurusin elu dan tmn2 lu sih,2046106752144609667,,Phinn_Majid,in,,0,1,0,https://x.com/undefined/status/2046106752144609667,1880040833896050688,
2043062344675397897,Mon Apr 20 05:57:49 +0000 2026,0,@Phinn_Majid @MastinSaurus @sampahfhui Dan gue kan udh bilang juga tergantung isi gibahannya kalo gibahan soal fakta pribadi y aman2 aja itu hak masing2 jg. Intinya kita diksih akal dikasih jari dan mulut harusnya digunakan sebaik mungkin bukan untuk ngegibahin org apalagi smpe ngelecehin org via chat / grup.,2046106040933220861,,PutriAgust54679,in,,0,0,0,https://x.com/undefined/status/2046106040933220861,1880040833896050688,
2043062344675397897,Mon Apr 20 05:55:55 +0000 2026,0,@Phinn_Majid @MastinSaurus @sampahfhui Tergantung kalo org yg digibahin GK dgr GK tau dan GK sdr ya aman aja tp klo semisal yg digibahin tau dan ngerasa gak terima bisa aja dituntut / dilaporin klo ad buktinya kok jatuhnya bisa kriminal.,2046105563671802117,,Phinn_Majid,in,,0,1,0,https://x.com/undefined/status/2046105563671802117,1880040833896050688,
2043062344675397897,Mon Apr 20 03:06:37 +0000 2026,1,@westallen139 @nufoursare @sampahfhui dont mention like this please pelaku tetaplah pelaku,2046062957709476205,,westallen139,in,,0,1,0,https://x.com/undefined/status/2046062957709476205,1840403173644939264,
2043062344675397897,Tue Apr 21 07:30:51 +0000 2026,0,@kontol_lod52732 @wroofwoof @MastinSaurus @sampahfhui Lah ayam yg ga upload foto disosmed kok dilecehin juga?,2046491839415583107,,kontol_lod52732,in,,0,0,0,https://x.com/undefined/status/2046491839415583107,1901359304499929088,
2043062344675397897,Tue Apr 21 04:57:40 +0000 2026,0,@Tojize2f @EftikhiaYo14543 @sampahfhui Tanyain yg ngedit dong. Aku suka idol2 korea tapi gak kegilaan yee,2046453292512039015,,Tojize2f,in,,0,0,0,https://x.com/undefined/status/2046453292512039015,1230667651065819137,
2043062344675397897,Wed Apr 22 12:30:57 +0000 2026,1,@sampahfhui Berpendidikan tinggi dan sepintar apapun tidak menjamin seseorang punya etika bahkan semua gelar ga akan ada artinya.,2046929753249321170,,sampahfhui,in,,0,0,0,https://x.com/undefined/status/2046929753249321170,1806683782302556160,
2043062344675397897,Wed Apr 22 10:41:00 +0000 2026,0,@sampahfhui Masih belum ada hukuman final juga dari rektor? Parah lama sekali,2046902080665956796,,sampahfhui,in,,0,0,0,https://x.com/undefined/status/2046902080665956796,1587339115841785857,
2043062344675397897,Wed Apr 22 05:31:41 +0000 2026,0,@billeyzz @sangyeonmeong @bebekqaleo @sampahfhui Gak juga tuh tergantung orang nya jangan salahkan namanya,2046824238125133921,,billeyzz,in,,0,0,0,https://x.com/undefined/status/2046824238125133921,1914239094173167617,
2043062344675397897,Wed Apr 22 04:16:12 +0000 2026,0,@Leifisherman @sampahfhui Berantas pelecehan bukan cuma tugas korban tapi tugas kita semua. Jangan kasih ruang untuk predator berlindung di balik gelar akademik. selengkapnya: https://t.co/3RLzcFY1AB https://t.co/cMPJtIJXAS,2046805241472156019,https://pbs.twimg.com/media/HGe2hCFa4AAZMEq.jpg,Leifisherman,in,,0,0,0,https://x.com/undefined/status/2046805241472156019,3547508953,
2043062344675397897,Wed Apr 22 04:09:26 +0000 2026,0,@sampahfhui Berantas pelecehan bukan cuma tugas korban tapi tugas kita semua. Jangan kasih ruang untuk predator berlindung di balik gelar akademik. selengkapnya https://t.co/YN2cKPozYT https://t.co/A6SNzgC8zs,2046803540799291709,https://pbs.twimg.com/media/HGe099Kb0AAqSXD.jpg,sampahfhui,in,,0,0,0,https://x.com/undefined/status/2046803540799291709,3547508953,
2043062344675397897,Thu Apr 23 06:22:57 +0000 2026,0,@rahma_thet81941 @nufoursare @sampahfhui Siapa bilang dia bukan pelaku. Dia emang pelaku. Physical attractiveness dia di mata saya urusan lain bukan berarti saya naksir sama dia,2047199530282868746,,rahma_thet81941,in,,0,0,0,https://x.com/undefined/status/2047199530282868746,1730940694708228096,
2043062344675397897,Fri Apr 24 07:53:58 +0000 2026,0,@sampahfhui sorry ini lanjutnya gimana? uda gpernah denger tentang ini soalnya,2047584820356931585,,sampahfhui,in,,0,0,0,https://x.com/undefined/status/2047584820356931585,1996121904424648708,
2043062344675397897,Sat Apr 25 00:29:59 +0000 2026,0,@W0SHIPAUL @cherry241566084 @sampahfhui Lu itu juga tolol bego. Bacot sana sini.,2047835477227811020,,W0SHIPAUL,in,,0,0,0,https://x.com/undefined/status/2047835477227811020,1886166318308888576,
2043062344675397897,Sun Apr 26 08:25:04 +0000 2026,0,@Sweetsugaa45 @sampahfhui halo,2048317425196863635,,Sweetsugaa45,tl,,0,0,0,https://x.com/undefined/status/2048317425196863635,929547192,
2043062344675397897,Tue Apr 28 13:34:29 +0000 2026,2,@sampahfhui Apakabar kasus ini?,2049120068836163777,,sampahfhui,in,,0,0,1,https://x.com/undefined/status/2049120068836163777,1308579929190088704,
2043062344675397897,Thu Apr 30 10:22:53 +0000 2026,0,@MastinSaurus @sampahfhui Tetep salah lah goblok kalo emang pikiran lo liar ya simpen buat diri lo sendiri aja gausah disebar ke orang udah gede masa gatau ini sih,2049796626987073823,,MastinSaurus,in,,0,0,0,https://x.com/undefined/status/2049796626987073823,1170494713054392320,
2043062344675397897,Sun May 03 18:07:33 +0000 2026,0,@kejepretcumi @bebekqaleo @sampahfhui @fpciui Kak kamu kenal sama si nasywan nasywan itu?,2051000724700692619,,kejepretcumi,in,,0,0,0,https://x.com/undefined/status/2051000724700692619,2018340754008252417,
